Date,Price,Fear_Greed
"1 Feb, 2018","9,181.1",30
"2 Feb, 2018","8,893.2",15
"3 Feb, 2018","9,241.1",40
"4 Feb, 2018","8,222.2",24
"5 Feb, 2018","6,938.5",11
"6 Feb, 2018","7,701.2",8
"7 Feb, 2018","7,594.7",36
"8 Feb, 2018","8,164.2",30
"9 Feb, 2018","8,699.8",44
"10 Feb, 2018","8,559.6",54
"11 Feb, 2018","8,081.9",31
"12 Feb, 2018","8,903.5",42
"13 Feb, 2018","8,539.2",35
"14 Feb, 2018","9,476.3",55
"15 Feb, 2018","10,037.3",71
"16 Feb, 2018","10,178.7",67
"17 Feb, 2018","11,073.5",74
"18 Feb, 2018","10,398.8",63
"19 Feb, 2018","11,169.4",67
"20 Feb, 2018","11,238.7",74
"21 Feb, 2018","10,473.0",54
"22 Feb, 2018","9,841.7",44
"23 Feb, 2018","10,170.4",39
"24 Feb, 2018","9,704.3",31
"25 Feb, 2018","9,585.2",33
"26 Feb, 2018","10,285.1",37
"27 Feb, 2018","10,594.4",44
"28 Feb, 2018","10,333.9",41
"1 Mar, 2018","10,904.5",38
"2 Mar, 2018","10,827.7",47
"3 Mar, 2018","11,402.3",56
"4 Mar, 2018","11,416.5",44
"5 Mar, 2018","11,330.6",55
"6 Mar, 2018","10,675.1",59
"7 Mar, 2018","9,902.9",37
"8 Mar, 2018","9,300.0",39
"9 Mar, 2018","9,217.0",37
"10 Mar, 2018","8,762.0",39
"11 Mar, 2018","9,529.6",40
"12 Mar, 2018","9,137.4",41
"13 Mar, 2018","9,154.9",41
"14 Mar, 2018","8,210.6",40
"15 Mar, 2018","8,264.4",32
"16 Mar, 2018","8,289.2",33
"17 Mar, 2018","7,874.9",31
"18 Mar, 2018","8,201.2",29
"19 Mar, 2018","8,616.8",29
"20 Mar, 2018","8,912.6",37
"21 Mar, 2018","8,905.9",36
"22 Mar, 2018","8,726.2",36
"23 Mar, 2018","8,916.8",28
"24 Mar, 2018","8,547.4",32
"25 Mar, 2018","8,473.2",30
"26 Mar, 2018","8,143.5",31
"27 Mar, 2018","7,801.7",24
"28 Mar, 2018","7,954.9",24
"29 Mar, 2018","7,129.2",18
"30 Mar, 2018","6,853.7",12
"31 Mar, 2018","6,938.2",16
"1 Apr, 2018","6,825.2",16
"2 Apr, 2018","7,068.4",11
"3 Apr, 2018","7,424.2",22
"4 Apr, 2018","6,808.9",22
"5 Apr, 2018","6,782.0",17
"6 Apr, 2018","6,624.3",19
"7 Apr, 2018","6,905.7",20
"8 Apr, 2018","7,030.5",17
"9 Apr, 2018","6,781.9",21
"10 Apr, 2018","6,854.8",18
"11 Apr, 2018","6,962.1",20
"12 Apr, 2018","7,926.6",18
"13 Apr, 2018","7,887.4",23
"17 Apr, 2018","7,908.6",26
"18 Apr, 2018","8,178.4",24
"19 Apr, 2018","8,290.8",25
"20 Apr, 2018","8,867.0",26
"21 Apr, 2018","8,923.1",32
"22 Apr, 2018","8,806.7",31
"23 Apr, 2018","8,952.8",28
"24 Apr, 2018","9,645.3",29
"25 Apr, 2018","8,873.1",64
"26 Apr, 2018","9,287.0",47
"27 Apr, 2018","8,940.9",55
"28 Apr, 2018","9,352.4",54
"29 Apr, 2018","9,415.1",61
"30 Apr, 2018","9,245.1",59
"1 May, 2018","9,074.9",56
"2 May, 2018","9,243.2",52
"3 May, 2018","9,749.7",55
"4 May, 2018","9,708.6",56
"5 May, 2018","9,853.5",63
"6 May, 2018","9,656.4",67
"7 May, 2018","9,431.6",56
"8 May, 2018","9,196.4",62
"9 May, 2018","9,319.1",53
"10 May, 2018","9,025.7",63
"11 May, 2018","8,408.3",41
"12 May, 2018","8,459.5",44
"13 May, 2018","8,693.5",40
"14 May, 2018","8,674.1",40
"15 May, 2018","8,477.0",40
"16 May, 2018","8,344.4",32
"17 May, 2018","8,063.0",31
"18 May, 2018","8,245.7",37
"19 May, 2018","8,245.1",31
"20 May, 2018","8,529.0",32
"21 May, 2018","8,403.3",41
"22 May, 2018","8,006.0",30
"23 May, 2018","7,512.3",26
"24 May, 2018","7,592.9",27
"25 May, 2018","7,477.7",25
"26 May, 2018","7,361.3",23
"27 May, 2018","7,366.7",19
"28 May, 2018","7,119.3",22
"29 May, 2018","7,467.7",16
"30 May, 2018","7,400.1",38
"31 May, 2018","7,502.6",25
"1 Jun, 2018","7,530.8",24
"2 Jun, 2018","7,646.6",27
"3 Jun, 2018","7,729.3",40
"4 Jun, 2018","7,504.3",41
"5 Jun, 2018","7,631.5",26
"6 Jun, 2018","7,661.0",42
"7 Jun, 2018","7,697.8",38
"8 Jun, 2018","7,622.1",40
"9 Jun, 2018","7,515.8",39
"10 Jun, 2018","6,775.1",24
"11 Jun, 2018","6,885.9",15
"12 Jun, 2018","6,558.2",19
"13 Jun, 2018","6,312.3",19
"14 Jun, 2018","6,647.1",17
"15 Jun, 2018","6,410.3",26
"16 Jun, 2018","6,505.8",22
"17 Jun, 2018","6,460.3",23
"18 Jun, 2018","6,719.8",27
"19 Jun, 2018","6,752.4",32
"20 Jun, 2018","6,765.4",34
"21 Jun, 2018","6,728.0",37
"22 Jun, 2018","6,055.7",28
"23 Jun, 2018","6,167.3",17
"24 Jun, 2018","6,154.6",15
"25 Jun, 2018","6,256.6",16
"26 Jun, 2018","6,082.1",21
"27 Jun, 2018","6,154.9",18
"28 Jun, 2018","5,883.5",20
"29 Jun, 2018","6,213.3",16
"30 Jun, 2018","6,398.9",22
"1 Jul, 2018","6,366.8",27
"2 Jul, 2018","6,619.5",27
"3 Jul, 2018","6,513.5",31
"4 Jul, 2018","6,598.4",33
"5 Jul, 2018","6,546.5",37
"6 Jul, 2018","6,617.7",34
"7 Jul, 2018","6,765.5",34
"8 Jul, 2018","6,714.8",38
"9 Jul, 2018","6,667.1",39
"10 Jul, 2018","6,307.2",37
"11 Jul, 2018","6,389.1",29
"12 Jul, 2018","6,250.6",33
"13 Jul, 2018","6,230.2",29
"14 Jul, 2018","6,254.8",29
"15 Jul, 2018","6,362.9",32
"16 Jul, 2018","6,729.9",36
"17 Jul, 2018","7,322.0",39
"18 Jul, 2018","7,383.6",42
"19 Jul, 2018","7,477.5",44
"20 Jul, 2018","7,339.4",47
"21 Jul, 2018","7,408.7",43
"22 Jul, 2018","7,412.3",46
"23 Jul, 2018","7,723.0",44
"24 Jul, 2018","8,407.0",49
"25 Jul, 2018","8,173.7",54
"26 Jul, 2018","7,937.0",53
"27 Jul, 2018","8,187.4",47
"28 Jul, 2018","8,234.1",54
"29 Jul, 2018","8,215.6",54
"30 Jul, 2018","8,177.1",53
"31 Jul, 2018","7,729.4",48
"1 Aug, 2018","7,606.4",39
"2 Aug, 2018","7,535.6",39
"3 Aug, 2018","7,419.0",36
"4 Aug, 2018","7,014.3",31
"5 Aug, 2018","7,027.1",23
"6 Aug, 2018","6,943.6",25
"7 Aug, 2018","6,724.9",25
"8 Aug, 2018","6,283.6",23
"9 Aug, 2018","6,538.8",19
"10 Aug, 2018","6,152.3",21
"11 Aug, 2018","6,231.6",18
"12 Aug, 2018","6,313.0",18
"13 Aug, 2018","6,255.3",21
"14 Aug, 2018","6,190.2",16
"15 Aug, 2018","6,256.9",18
"16 Aug, 2018","6,306.7",21
"17 Aug, 2018","6,581.7",19
"18 Aug, 2018","6,379.1",24
"19 Aug, 2018","6,481.5",27
"20 Aug, 2018","6,268.1",26
"21 Aug, 2018","6,482.2",19
"22 Aug, 2018","6,359.6",21
"23 Aug, 2018","6,521.2",18
"24 Aug, 2018","6,680.4",19
"25 Aug, 2018","6,734.8",22
"26 Aug, 2018","6,712.7",19
"27 Aug, 2018","6,897.6",18
"28 Aug, 2018","7,074.6",19
"29 Aug, 2018","7,029.1",19
"30 Aug, 2018","6,993.7",22
"31 Aug, 2018","7,033.8",17
"1 Sep, 2018","7,189.6",21
"2 Sep, 2018","7,293.9",18
"3 Sep, 2018","7,264.2",19
"4 Sep, 2018","7,377.5",26
"5 Sep, 2018","6,706.8",17
"6 Sep, 2018","6,514.0",14
"7 Sep, 2018","6,390.9",17
"8 Sep, 2018","6,184.3",18
"9 Sep, 2018","6,238.5",13
"10 Sep, 2018","6,321.0",15
"11 Sep, 2018","6,293.9",18
"12 Sep, 2018","6,338.0",14
"13 Sep, 2018","6,482.9",20
"14 Sep, 2018","6,483.7",23
"15 Sep, 2018","6,519.0",24
"16 Sep, 2018","6,500.2",28
"17 Sep, 2018","6,251.9",25
"18 Sep, 2018","6,342.0",21
"19 Sep, 2018","6,390.4",24
"20 Sep, 2018","6,489.2",24
"21 Sep, 2018","6,766.7",31
"22 Sep, 2018","6,729.6",35
"23 Sep, 2018","6,704.1",38
"24 Sep, 2018","6,584.1",43
"25 Sep, 2018","6,445.1",37
"26 Sep, 2018","6,468.1",37
"27 Sep, 2018","6,689.2",42
"28 Sep, 2018","6,636.0",42
"29 Sep, 2018","6,603.9",37
"30 Sep, 2018","6,635.2",34
"1 Oct, 2018","6,608.2",35
"2 Oct, 2018","6,549.9",33
"3 Oct, 2018","6,507.8",36
"4 Oct, 2018","6,584.2",29
"5 Oct, 2018","6,639.1",37
"6 Oct, 2018","6,596.3",34
"7 Oct, 2018","6,611.0",29
"8 Oct, 2018","6,669.6",26
"9 Oct, 2018","6,650.8",31
"10 Oct, 2018","6,618.0",28
"11 Oct, 2018","6,239.1",19
"12 Oct, 2018","6,291.3",13
"13 Oct, 2018","6,321.7",15
"14 Oct, 2018","6,326.8",18
"15 Oct, 2018","6,699.8",20
"16 Oct, 2018","6,705.3",24
"17 Oct, 2018","6,686.6",23
"18 Oct, 2018","6,574.1",26
"19 Oct, 2018","6,512.0",24
"20 Oct, 2018","6,572.2",21
"21 Oct, 2018","6,583.0",21
"22 Oct, 2018","6,555.8",27
"23 Oct, 2018","6,528.7",24
"24 Oct, 2018","6,530.7",23
"25 Oct, 2018","6,507.0",25
"26 Oct, 2018","6,510.0",29
"27 Oct, 2018","6,494.2",33
"28 Oct, 2018","6,486.1",35
"29 Oct, 2018","6,335.0",34
"30 Oct, 2018","6,325.7",31
"31 Oct, 2018","6,365.9",32
"1 Nov, 2018","6,400.5",29
"2 Nov, 2018","6,424.7",36
"3 Nov, 2018","6,386.2",36
"4 Nov, 2018","6,478.2",41
"5 Nov, 2018","6,459.7",42
"6 Nov, 2018","6,502.8",42
"7 Nov, 2018","6,565.3",48
"8 Nov, 2018","6,474.0",51
"9 Nov, 2018","6,412.0",47
"10 Nov, 2018","6,427.1",52
"11 Nov, 2018","6,446.1",54
"12 Nov, 2018","6,435.0",52
"13 Nov, 2018","6,429.2",56
"14 Nov, 2018","5,842.4",49
"15 Nov, 2018","5,718.9",28
"16 Nov, 2018","5,636.2",23
"17 Nov, 2018","5,621.8",24
"18 Nov, 2018","5,658.3",26
"19 Nov, 2018","4,883.8",28
"20 Nov, 2018","4,524.6",21
"21 Nov, 2018","4,638.7",15
"22 Nov, 2018","4,356.0",14
"23 Nov, 2018","4,398.0",12
"24 Nov, 2018","3,920.4",15
"25 Nov, 2018","4,062.2",9
"26 Nov, 2018","3,837.0",17
"27 Nov, 2018","3,866.5",11
"28 Nov, 2018","4,265.4",14
"29 Nov, 2018","4,296.5",18
"30 Nov, 2018","4,039.7",19
"1 Dec, 2018","4,196.2",13
"2 Dec, 2018","4,160.4",15
"3 Dec, 2018","3,897.8",17
"4 Dec, 2018","3,958.5",12
"5 Dec, 2018","3,771.6",19
"6 Dec, 2018","3,508.6",13
"7 Dec, 2018","3,422.2",11
"8 Dec, 2018","3,430.4",11
"9 Dec, 2018","3,567.5",14
"10 Dec, 2018","3,460.5",19
"11 Dec, 2018","3,407.7",15
"12 Dec, 2018","3,466.1",14
"13 Dec, 2018","3,315.3",14
"14 Dec, 2018","3,247.8",10
"15 Dec, 2018","3,228.7",11
"16 Dec, 2018","3,247.9",13
"17 Dec, 2018","3,526.1",17
"18 Dec, 2018","3,668.0",23
"19 Dec, 2018","3,687.1",21
"20 Dec, 2018","4,076.0",27
"21 Dec, 2018","3,850.9",35
"22 Dec, 2018","3,964.4",28
"23 Dec, 2018","3,944.4",31
"24 Dec, 2018","4,026.1",25
"25 Dec, 2018","3,762.5",33
"26 Dec, 2018","3,793.7",26
"27 Dec, 2018","3,586.9",29
"28 Dec, 2018","3,861.6",21
"29 Dec, 2018","3,706.8",24
"30 Dec, 2018","3,815.0",23
"31 Dec, 2018","3,709.4",26
"1 Jan, 2019","3,809.4",24
"2 Jan, 2019","3,873.8",30
"3 Jan, 2019","3,780.1",33
"4 Jan, 2019","3,802.7",48
"5 Jan, 2019","3,785.4",36
"6 Jan, 2019","4,004.1",31
"7 Jan, 2019","3,985.9",39
"8 Jan, 2019","3,971.0",39
"9 Jan, 2019","3,978.0",42
"10 Jan, 2019","3,603.7",37
"11 Jan, 2019","3,616.5",19
"12 Jan, 2019","3,597.2",22
"13 Jan, 2019","3,490.2",21
"14 Jan, 2019","3,638.1",16
"15 Jan, 2019","3,571.3",27
"16 Jan, 2019","3,588.0",24
"17 Jan, 2019","3,626.4",28
"18 Jan, 2019","3,605.6",29
"19 Jan, 2019","3,677.8",31
"20 Jan, 2019","3,542.3",35
"21 Jan, 2019","3,536.7",30
"22 Jan, 2019","3,580.1",27
"23 Jan, 2019","3,561.5",33
"24 Jan, 2019","3,574.3",37
"25 Jan, 2019","3,572.0",35
"26 Jan, 2019","3,570.9",41
"27 Jan, 2019","3,555.6",39
"28 Jan, 2019","3,442.8",35
"29 Jan, 2019","3,414.8",21
"30 Jan, 2019","3,460.0",22
"31 Jan, 2019","3,437.2",17
"1 Feb, 2019","3,467.9",23
"2 Feb, 2019","3,502.5",22
"3 Feb, 2019","3,459.1",19
"4 Feb, 2019","3,462.8",27
"5 Feb, 2019","3,468.4",21
"6 Feb, 2019","3,404.3",14
"7 Feb, 2019","3,397.7",18
"8 Feb, 2019","3,661.7",37
"9 Feb, 2019","3,661.4",42
"10 Feb, 2019","3,679.0",40
"11 Feb, 2019","3,631.8",46
"12 Feb, 2019","3,632.0",38
"13 Feb, 2019","3,611.5",48
"14 Feb, 2019","3,592.6",48
"15 Feb, 2019","3,604.7",43
"16 Feb, 2019","3,616.8",43
"17 Feb, 2019","3,664.2",38
"18 Feb, 2019","3,896.0",63
"19 Feb, 2019","3,914.3",65
"20 Feb, 2019","3,972.4",59
"21 Feb, 2019","3,936.6",59
"22 Feb, 2019","3,965.2",61
"23 Feb, 2019","4,120.4",63
"24 Feb, 2019","3,755.2",69
"25 Feb, 2019","3,833.7",47
"26 Feb, 2019","3,810.3",40
"27 Feb, 2019","3,814.6",39
"28 Feb, 2019","3,816.6",39
"1 Mar, 2019","3,821.9",42
"2 Mar, 2019","3,823.1",41
"3 Mar, 2019","3,809.5",44
"4 Mar, 2019","3,715.9",36
"5 Mar, 2019","3,857.2",35
"6 Mar, 2019","3,863.0",42
"7 Mar, 2019","3,875.1",56
"8 Mar, 2019","3,865.9",54
"9 Mar, 2019","3,944.3",55
"10 Mar, 2019","3,915.2",55
"11 Mar, 2019","3,870.3",56
"12 Mar, 2019","3,886.0",56
"13 Mar, 2019","3,865.1",54
"14 Mar, 2019","3,879.0",55
"15 Mar, 2019","3,924.3",55
"16 Mar, 2019","4,006.4",54
"17 Mar, 2019","3,981.5",58
"18 Mar, 2019","3,990.2",56
"19 Mar, 2019","4,017.0",56
"20 Mar, 2019","4,041.2",55
"21 Mar, 2019","3,982.2",62
"22 Mar, 2019","3,990.4",56
"23 Mar, 2019","4,002.5",50
"24 Mar, 2019","3,994.7",44
"25 Mar, 2019","3,937.0",46
"26 Mar, 2019","3,942.8",43
"27 Mar, 2019","4,041.7",44
"28 Mar, 2019","4,025.6",49
"29 Mar, 2019","4,102.2",50
"30 Mar, 2019","4,111.8",57
"31 Mar, 2019","4,102.3",56
"1 Apr, 2019","4,145.1",62
"2 Apr, 2019","4,859.3",60
"3 Apr, 2019","4,968.7",71
"4 Apr, 2019","4,902.4",61
"5 Apr, 2019","5,010.2",59
"6 Apr, 2019","5,046.2",65
"7 Apr, 2019","5,173.6",69
"8 Apr, 2019","5,245.2",65
"9 Apr, 2019","5,158.4",64
"10 Apr, 2019","5,307.8",62
"11 Apr, 2019","5,022.6",65
"12 Apr, 2019","5,054.2",42
"13 Apr, 2019","5,051.8",62
"14 Apr, 2019","5,134.8",51
"15 Apr, 2019","5,032.3",60
"16 Apr, 2019","5,180.9",50
"17 Apr, 2019","5,208.3",61
"18 Apr, 2019","5,264.7",64
"19 Apr, 2019","5,241.0",61
"20 Apr, 2019","5,290.2",62
"21 Apr, 2019","5,243.5",62
"22 Apr, 2019","5,346.7",61
"23 Apr, 2019","5,511.6",68
"24 Apr, 2019","5,415.6",65
"25 Apr, 2019","5,209.1",58
"26 Apr, 2019","5,298.3",41
"27 Apr, 2019","5,265.9",42
"28 Apr, 2019","5,302.3",40
"29 Apr, 2019","5,235.0",42
"30 Apr, 2019","5,320.8",42
"1 May, 2019","5,384.2",51
"2 May, 2019","5,493.8",50
"3 May, 2019","5,766.8",63
"4 May, 2019","5,830.9",66
"5 May, 2019","5,774.9",67
"6 May, 2019","5,745.1",57
"7 May, 2019","5,849.5",69
"8 May, 2019","5,990.3",63
"9 May, 2019","6,191.5",69
"10 May, 2019","6,386.0",71
"11 May, 2019","7,190.3",76
"12 May, 2019","6,984.8",75
"13 May, 2019","7,806.0",78
"14 May, 2019","7,994.6",78
"15 May, 2019","8,164.6",77
"16 May, 2019","7,871.8",75
"17 May, 2019","7,359.5",65
"18 May, 2019","7,262.6",67
"19 May, 2019","8,157.2",70
"20 May, 2019","7,965.3",73
"21 May, 2019","7,930.3",68
"22 May, 2019","7,635.7",69
"23 May, 2019","7,852.1",65
"24 May, 2019","7,970.1",64
"25 May, 2019","8,027.4",69
"26 May, 2019","8,630.2",67
"27 May, 2019","8,760.1",70
"28 May, 2019","8,716.3",71
"29 May, 2019","8,647.8",71
"30 May, 2019","8,271.9",73
"31 May, 2019","8,558.3",61
"1 Jun, 2019","8,545.7",62
"2 Jun, 2019","8,728.6",63
"3 Jun, 2019","8,124.8",66
"4 Jun, 2019","7,685.5",42
"5 Jun, 2019","7,779.1",27
"6 Jun, 2019","7,784.9",34
"7 Jun, 2019","7,985.2",27
"8 Jun, 2019","7,901.4",62
"9 Jun, 2019","7,635.0",62
"10 Jun, 2019","7,987.8",46
"11 Jun, 2019","7,888.0",61
"12 Jun, 2019","8,133.1",60
"13 Jun, 2019","8,219.0",63
"14 Jun, 2019","8,656.1",67
"15 Jun, 2019","8,812.5",75
"16 Jun, 2019","8,962.5",80
"17 Jun, 2019","9,318.8",84
"18 Jun, 2019","9,080.6",83
"19 Jun, 2019","9,255.4",82
"20 Jun, 2019","9,517.0",81
"21 Jun, 2019","10,179.3",84
"22 Jun, 2019","10,721.7",83
"23 Jun, 2019","10,897.1",84
"24 Jun, 2019","11,046.4",80
"25 Jun, 2019","11,809.9",87
"26 Jun, 2019","13,063.8",95
"27 Jun, 2019","11,287.8",92
"28 Jun, 2019","12,409.1",62
"29 Jun, 2019","11,906.5",74
"30 Jun, 2019","10,818.6",78
"1 Jul, 2019","10,616.6",65
"2 Jul, 2019","10,835.9",63
"3 Jul, 2019","11,900.8",79
"4 Jul, 2019","11,163.1",76
"5 Jul, 2019","10,970.2",67
"6 Jul, 2019","11,268.0",72
"7 Jul, 2019","11,415.9",67
"8 Jul, 2019","12,252.6",74
"9 Jul, 2019","12,541.5",84
"10 Jul, 2019","12,110.6",83
"11 Jul, 2019","11,342.3",62
"12 Jul, 2019","11,762.1",33
"13 Jul, 2019","11,364.9",65
"14 Jul, 2019","10,200.1",61
"15 Jul, 2019","10,845.9",16
"16 Jul, 2019","9,424.8",34
"17 Jul, 2019","9,723.2",19
"18 Jul, 2019","10,651.4",40
"19 Jul, 2019","10,571.5",42
"20 Jul, 2019","10,826.7",34
"21 Jul, 2019","10,714.4",42
"22 Jul, 2019","10,412.5",42
"23 Jul, 2019","9,888.7",40
"24 Jul, 2019","9,804.3",20
"25 Jul, 2019","9,945.3",42
"26 Jul, 2019","9,831.0",24
"27 Jul, 2019","9,492.1",47
"28 Jul, 2019","9,727.8",16
"29 Jul, 2019","9,580.9",19
"30 Jul, 2019","9,580.7",22
"31 Jul, 2019","10,082.0",31
"1 Aug, 2019","10,380.0",57
"2 Aug, 2019","10,520.1",61
"3 Aug, 2019","10,815.7",61
"4 Aug, 2019","10,934.6",62
"5 Aug, 2019","11,816.8",64
"6 Aug, 2019","11,480.9",66
"7 Aug, 2019","12,013.9",45
"8 Aug, 2019","12,191.6",61
"9 Aug, 2019","12,089.8",60
"10 Aug, 2019","11,314.5",59
"11 Aug, 2019","11,517.2",45
"12 Aug, 2019","11,394.2",48
"13 Aug, 2019","10,892.9",45
"14 Aug, 2019","10,049.4",11
"15 Aug, 2019","10,303.4",13
"16 Aug, 2019","10,335.6",31
"17 Aug, 2019","10,218.1",20
"18 Aug, 2019","10,312.7",14
"19 Aug, 2019","10,910.7",30
"20 Aug, 2019","10,752.6",39
"21 Aug, 2019","10,141.5",11
"22 Aug, 2019","10,105.0",5
"23 Aug, 2019","10,388.7",33
"24 Aug, 2019","10,131.0",39
"25 Aug, 2019","10,136.3",33
"26 Aug, 2019","10,371.8",41
"27 Aug, 2019","10,184.8",30
"28 Aug, 2019","9,729.4",32
"29 Aug, 2019","9,491.0",20
"30 Aug, 2019","9,585.4",24
"31 Aug, 2019","9,594.4",20
"1 Sep, 2019","9,729.3",24
"2 Sep, 2019","10,348.8",28
"3 Sep, 2019","10,612.3",41
"4 Sep, 2019","10,568.2",43
"5 Sep, 2019","10,566.9",41
"6 Sep, 2019","10,309.3",43
"7 Sep, 2019","10,461.1",39
"8 Sep, 2019","10,402.8",43
"9 Sep, 2019","10,309.0",41
"10 Sep, 2019","10,105.4",41
"11 Sep, 2019","10,162.5",38
"12 Sep, 2019","10,415.1",39
"13 Sep, 2019","10,342.1",38
"14 Sep, 2019","10,337.3",39
"15 Sep, 2019","10,311.5",38
"16 Sep, 2019","10,255.5",38
"17 Sep, 2019","10,195.7",41
"18 Sep, 2019","10,164.7",38
"19 Sep, 2019","10,250.5",31
"20 Sep, 2019","10,172.7",41
"21 Sep, 2019","9,993.0",37
"22 Sep, 2019","10,031.6",37
"23 Sep, 2019","9,702.2",41
"24 Sep, 2019","8,513.9",39
"25 Sep, 2019","8,432.4",15
"26 Sep, 2019","8,063.8",12
"27 Sep, 2019","8,184.9",24
"28 Sep, 2019","8,208.5",32
"29 Sep, 2019","8,049.1",33
"30 Sep, 2019","8,284.3",27
"1 Oct, 2019","8,302.7",38
"2 Oct, 2019","8,364.1",39
"3 Oct, 2019","8,226.9",37
"4 Oct, 2019","8,148.1",30
"5 Oct, 2019","8,127.3",31
"6 Oct, 2019","7,881.9",32
"7 Oct, 2019","8,198.6",27
"8 Oct, 2019","8,182.9",39
"9 Oct, 2019","8,566.7",37
"10 Oct, 2019","8,562.3",41
"11 Oct, 2019","8,267.8",39
"12 Oct, 2019","8,304.4",38
"13 Oct, 2019","8,281.5",38
"14 Oct, 2019","8,353.3",37
"15 Oct, 2019","8,167.2",39
"16 Oct, 2019","8,000.4",40
"17 Oct, 2019","8,073.3",40
"18 Oct, 2019","7,948.5",40
"19 Oct, 2019","7,957.3",41
"20 Oct, 2019","8,223.4",37
"21 Oct, 2019","8,208.2",37
"22 Oct, 2019","8,031.4",39
"23 Oct, 2019","7,477.0",33
"24 Oct, 2019","7,422.7",20
"25 Oct, 2019","8,658.3",24
"26 Oct, 2019","9,230.6",53
"27 Oct, 2019","9,529.6",50
"28 Oct, 2019","9,207.2",52
"29 Oct, 2019","9,411.3",54
"30 Oct, 2019","9,157.9",53
"31 Oct, 2019","9,152.6",50
"1 Nov, 2019","9,230.1",49
"2 Nov, 2019","9,300.6",51
"3 Nov, 2019","9,198.3",56
"4 Nov, 2019","9,396.4",49
"5 Nov, 2019","9,310.8",54
"6 Nov, 2019","9,338.9",53
"7 Nov, 2019","9,223.5",54
"8 Nov, 2019","8,778.2",42
"9 Nov, 2019","8,804.5",38
"10 Nov, 2019","9,036.8",39
"11 Nov, 2019","8,736.9",40
"12 Nov, 2019","8,812.6",39
"13 Nov, 2019","8,783.1",38
"14 Nov, 2019","8,661.2",41
"15 Nov, 2019","8,476.3",38
"16 Nov, 2019","8,497.3",41
"17 Nov, 2019","8,509.8",38
"18 Nov, 2019","8,208.4",38
"19 Nov, 2019","8,145.7",32
"20 Nov, 2019","8,099.3",32
"21 Nov, 2019","7,627.9",30
"22 Nov, 2019","7,272.5",20
"23 Nov, 2019","7,324.1",23
"24 Nov, 2019","6,924.7",21
"25 Nov, 2019","7,115.6",17
"26 Nov, 2019","7,162.8",21
"27 Nov, 2019","7,510.6",20
"28 Nov, 2019","7,426.7",32
"29 Nov, 2019","7,742.7",31
"30 Nov, 2019","7,546.6",38
"1 Dec, 2019","7,396.4",25
"2 Dec, 2019","7,298.2",28
"3 Dec, 2019","7,291.8",28
"4 Dec, 2019","7,204.4",24
"5 Dec, 2019","7,399.2",21
"6 Dec, 2019","7,530.8",29
"7 Dec, 2019","7,510.9",32
"8 Dec, 2019","7,524.4",28
"9 Dec, 2019","7,355.8",32
"10 Dec, 2019","7,235.7",26
"11 Dec, 2019","7,208.0",20
"12 Dec, 2019","7,208.0",23
"13 Dec, 2019","7,255.2",22
"14 Dec, 2019","7,080.8",27
"15 Dec, 2019","7,128.5",21
"16 Dec, 2019","6,903.5",24
"17 Dec, 2019","6,613.3",23
"18 Dec, 2019","7,276.0",15
"19 Dec, 2019","7,165.5",21
"20 Dec, 2019","7,196.4",23
"21 Dec, 2019","7,156.2",23
"22 Dec, 2019","7,495.8",20
"23 Dec, 2019","7,322.8",33
"24 Dec, 2019","7,268.3",25
"25 Dec, 2019","7,224.8",22
"26 Dec, 2019","7,210.9",39
"27 Dec, 2019","7,261.7",38
"28 Dec, 2019","7,321.5",37
"29 Dec, 2019","7,397.5",37
"30 Dec, 2019","7,261.8",40
"31 Dec, 2019","7,196.4",38
"1 Jan, 2020","7,199.8",37
"2 Jan, 2020","6,967.0",39
"3 Jan, 2020","7,343.1",38
"4 Jan, 2020","7,376.8",38
"5 Jan, 2020","7,372.5",39
"6 Jan, 2020","7,759.1",41
"7 Jan, 2020","8,155.7",40
"8 Jan, 2020","8,059.6",51
"9 Jan, 2020","7,842.4",44
"10 Jan, 2020","8,187.1",41
"11 Jan, 2020","8,024.1",50
"12 Jan, 2020","8,187.6",45
"13 Jan, 2020","8,111.4",49
"14 Jan, 2020","8,829.2",56
"15 Jan, 2020","8,818.3",54
"16 Jan, 2020","8,726.9",55
"17 Jan, 2020","8,913.1",54
"18 Jan, 2020","8,916.3",51
"19 Jan, 2020","8,706.2",53
"20 Jan, 2020","8,641.9",48
"21 Jan, 2020","8,732.6",49
"22 Jan, 2020","8,678.5",52
"23 Jan, 2020","8,405.1",49
"24 Jan, 2020","8,439.9",40
"25 Jan, 2020","8,341.6",41
"26 Jan, 2020","8,607.8",42
"27 Jan, 2020","8,866.6",50
"28 Jan, 2020","9,377.3",54
"29 Jan, 2020","9,298.9",57
"30 Jan, 2020","9,507.3",57
"31 Jan, 2020","9,349.1",55
"1 Feb, 2020","9,381.6",57
"2 Feb, 2020","9,334.9",57
"3 Feb, 2020","9,296.6",59
"4 Feb, 2020","9,193.9",56
"5 Feb, 2020","9,611.8",53
"6 Feb, 2020","9,772.0",61
"7 Feb, 2020","9,818.6",56
"8 Feb, 2020","9,895.5",56
"9 Feb, 2020","10,151.5",56
"10 Feb, 2020","9,854.1",57
"11 Feb, 2020","10,229.5",52
"12 Feb, 2020","10,317.7",61
"13 Feb, 2020","10,235.1",65
"14 Feb, 2020","10,333.0",63
"15 Feb, 2020","9,907.7",64
"16 Feb, 2020","9,932.3",59
"17 Feb, 2020","9,701.4",49
"18 Feb, 2020","10,158.4",53
"19 Feb, 2020","9,609.4",50
"20 Feb, 2020","9,602.4",44
"21 Feb, 2020","9,684.5",44
"22 Feb, 2020","9,655.7",43
"23 Feb, 2020","9,942.7",46
"24 Feb, 2020","9,662.7",46
"25 Feb, 2020","9,317.2",44
"26 Feb, 2020","8,800.3",41
"27 Feb, 2020","8,818.6",39
"28 Feb, 2020","8,697.5",40
"29 Feb, 2020","8,543.7",38
"1 Mar, 2020","8,540.0",39
"2 Mar, 2020","8,904.8",38
"3 Mar, 2020","8,761.4",38
"4 Mar, 2020","8,757.9",40
"5 Mar, 2020","9,060.3",41
"6 Mar, 2020","9,134.8",39
"7 Mar, 2020","8,887.8",38
"8 Mar, 2020","8,034.1",33
"9 Mar, 2020","7,933.0",17
"10 Mar, 2020","7,891.2",16
"11 Mar, 2020","7,935.1",17
"12 Mar, 2020","4,826.0",14
"13 Mar, 2020","5,584.3",10
"14 Mar, 2020","5,182.7",8
"15 Mar, 2020","5,366.3",12
"16 Mar, 2020","5,030.0",9
"17 Mar, 2020","5,261.1",8
"18 Mar, 2020","5,361.4",11
"19 Mar, 2020","6,172.0",12
"20 Mar, 2020","6,205.3",9
"21 Mar, 2020","6,186.2",9
"22 Mar, 2020","5,822.1",11
"23 Mar, 2020","6,468.9",10
"24 Mar, 2020","6,744.6",12
"25 Mar, 2020","6,678.9",13
"26 Mar, 2020","6,725.1",14
"27 Mar, 2020","6,373.4",12
"28 Mar, 2020","6,233.7",8
"29 Mar, 2020","5,890.4",12
"30 Mar, 2020","6,391.0",10
"31 Mar, 2020","6,412.5",12
"1 Apr, 2020","6,638.5",12
"2 Apr, 2020","6,800.5",14
"3 Apr, 2020","6,735.9",14
"4 Apr, 2020","6,857.4",12
"5 Apr, 2020","6,772.7",12
"6 Apr, 2020","7,332.3",12
"7 Apr, 2020","7,185.2",20
"8 Apr, 2020","7,361.2",21
"9 Apr, 2020","7,289.0",22
"10 Apr, 2020","6,863.1",15
"11 Apr, 2020","6,867.8",15
"12 Apr, 2020","6,917.6",10
"13 Apr, 2020","6,841.3",11
"14 Apr, 2020","6,850.9",15
"15 Apr, 2020","6,629.1",18
"16 Apr, 2020","7,085.6",13
"17 Apr, 2020","7,035.8",15
"18 Apr, 2020","7,230.8",18
"19 Apr, 2020","7,122.9",16
"20 Apr, 2020","6,833.5",15
"21 Apr, 2020","6,842.5",17
"22 Apr, 2020","7,112.9",19
"23 Apr, 2020","7,488.5",19
"24 Apr, 2020","7,503.8",20
"25 Apr, 2020","7,540.4",24
"26 Apr, 2020","7,678.9",21
"27 Apr, 2020","7,766.0",28
"28 Apr, 2020","7,746.9",26
"29 Apr, 2020","8,770.9",26
"30 Apr, 2020","8,629.0",44
"1 May, 2020","8,821.6",40
"2 May, 2020","8,966.3",40
"3 May, 2020","8,885.5",45
"4 May, 2020","8,874.7",44
"5 May, 2020","9,001.0",40
"6 May, 2020","9,151.4",42
"7 May, 2020","9,979.8",49
"8 May, 2020","9,806.2",55
"9 May, 2020","9,554.6",56
"10 May, 2020","8,738.8",48
"11 May, 2020","8,579.8",40
"12 May, 2020","8,813.8",39
"13 May, 2020","9,298.7",41
"14 May, 2020","9,778.4",40
"15 May, 2020","9,318.0",44
"16 May, 2020","9,379.5",41
"17 May, 2020","9,677.7",40
"18 May, 2020","9,730.7",50
"19 May, 2020","9,773.3",50
"20 May, 2020","9,512.3",52
"21 May, 2020","9,059.0",49
"22 May, 2020","9,169.7",42
"23 May, 2020","9,177.0",40
"24 May, 2020","8,728.2",43
"25 May, 2020","8,898.2",41
"26 May, 2020","8,842.5",39
"27 May, 2020","9,199.1",39
"28 May, 2020","9,572.2",41
"29 May, 2020","9,424.8",48
"30 May, 2020","9,692.5",48
"31 May, 2020","9,454.8",51
"1 Jun, 2020","10,189.3",50
"2 Jun, 2020","9,527.6",56
"3 Jun, 2020","9,667.2",48
"4 Jun, 2020","9,794.4",54
"5 Jun, 2020","9,631.2",53
"6 Jun, 2020","9,669.6",54
"7 Jun, 2020","9,742.6",54
"8 Jun, 2020","9,777.9",53
"9 Jun, 2020","9,768.8",52
"10 Jun, 2020","9,878.8",54
"11 Jun, 2020","9,283.2",52
"12 Jun, 2020","9,466.6",38
"13 Jun, 2020","9,471.3",38
"14 Jun, 2020","9,345.3",40
"15 Jun, 2020","9,425.4",37
"16 Jun, 2020","9,523.5",39
"17 Jun, 2020","9,464.6",38
"18 Jun, 2020","9,388.1",40
"19 Jun, 2020","9,314.0",39
"20 Jun, 2020","9,358.8",38
"21 Jun, 2020","9,296.4",37
"22 Jun, 2020","9,683.7",38
"23 Jun, 2020","9,624.6",41
"24 Jun, 2020","9,302.0",50
"25 Jun, 2020","9,247.5",43
"26 Jun, 2020","9,160.0",40
"27 Jun, 2020","9,008.3",43
"28 Jun, 2020","9,124.0",40
"29 Jun, 2020","9,185.4",41
"30 Jun, 2020","9,135.4",44
"1 Jul, 2020","9,229.9",42
"2 Jul, 2020","9,085.1",42
"3 Jul, 2020","9,067.1",41
"4 Jul, 2020","9,134.4",40
"5 Jul, 2020","9,081.0",38
"6 Jul, 2020","9,339.0",40
"7 Jul, 2020","9,256.0",43
"8 Jul, 2020","9,429.9",44
"9 Jul, 2020","9,235.7",44
"10 Jul, 2020","9,285.1",41
"11 Jul, 2020","9,233.3",44
"12 Jul, 2020","9,300.8",41
"13 Jul, 2020","9,243.6",43
"14 Jul, 2020","9,253.4",43
"15 Jul, 2020","9,198.7",44
"16 Jul, 2020","9,135.3",43
"17 Jul, 2020","9,155.8",41
"18 Jul, 2020","9,170.2",44
"19 Jul, 2020","9,208.0",41
"20 Jul, 2020","9,162.4",44
"21 Jul, 2020","9,387.3",44
"22 Jul, 2020","9,513.7",50
"23 Jul, 2020","9,599.6",55
"24 Jul, 2020","9,546.4",53
"25 Jul, 2020","9,704.1",55
"26 Jul, 2020","9,932.5",55
"27 Jul, 2020","11,022.8",58
"28 Jul, 2020","10,908.5",76
"29 Jul, 2020","11,105.9",71
"30 Jul, 2020","11,096.2",76
"31 Jul, 2020","11,333.4",75
"1 Aug, 2020","11,803.1",75
"2 Aug, 2020","11,066.8",80
"3 Aug, 2020","11,224.4",75
"4 Aug, 2020","11,184.7",72
"5 Aug, 2020","11,735.1",75
"6 Aug, 2020","11,757.1",79
"7 Aug, 2020","11,592.0",77
"8 Aug, 2020","11,764.3",77
"9 Aug, 2020","11,681.2",79
"10 Aug, 2020","11,889.2",78
"11 Aug, 2020","11,390.4",84
"12 Aug, 2020","11,557.2",75
"13 Aug, 2020","11,770.9",75
"14 Aug, 2020","11,750.8",78
"15 Aug, 2020","11,845.3",79
"16 Aug, 2020","11,899.0",82
"17 Aug, 2020","12,282.6",83
"18 Aug, 2020","11,947.6",82
"19 Aug, 2020","11,750.2",80
"20 Aug, 2020","11,856.9",75
"21 Aug, 2020","11,529.2",81
"22 Aug, 2020","11,661.3",78
"23 Aug, 2020","11,641.6",76
"24 Aug, 2020","11,753.5",78
"25 Aug, 2020","11,324.8",75
"26 Aug, 2020","11,462.3",76
"27 Aug, 2020","11,327.4",75
"28 Aug, 2020","11,527.4",74
"29 Aug, 2020","11,468.1",79
"30 Aug, 2020","11,702.0",75
"31 Aug, 2020","11,644.2",75
"1 Sep, 2020","11,914.9",75
"2 Sep, 2020","11,413.3",83
"3 Sep, 2020","10,168.8",79
"4 Sep, 2020","10,472.5",40
"5 Sep, 2020","10,092.2",41
"6 Sep, 2020","10,296.4",41
"7 Sep, 2020","10,376.9",41
"8 Sep, 2020","10,126.6",41
"9 Sep, 2020","10,224.6",38
"10 Sep, 2020","10,339.7",38
"11 Sep, 2020","10,390.2",41
"12 Sep, 2020","10,441.9",41
"13 Sep, 2020","10,326.0",38
"14 Sep, 2020","10,675.3",39
"15 Sep, 2020","10,785.3",47
"16 Sep, 2020","10,949.5",43
"17 Sep, 2020","10,941.3",48
"18 Sep, 2020","10,933.0",49
"19 Sep, 2020","11,081.8",48
"20 Sep, 2020","10,921.5",52
"21 Sep, 2020","10,416.8",48
"22 Sep, 2020","10,531.5",39
"23 Sep, 2020","10,237.3",43
"24 Sep, 2020","10,739.4",39
"25 Sep, 2020","10,688.8",46
"26 Sep, 2020","10,727.9",45
"27 Sep, 2020","10,776.2",47
"28 Sep, 2020","10,693.2",43
"29 Sep, 2020","10,840.9",45
"30 Sep, 2020","10,776.1",49
"1 Oct, 2020","10,620.5",45
"2 Oct, 2020","10,572.3",41
"3 Oct, 2020","10,544.2",40
"4 Oct, 2020","10,672.9",42
"5 Oct, 2020","10,789.5",42
"6 Oct, 2020","10,602.6",47
"7 Oct, 2020","10,670.9",43
"8 Oct, 2020","10,924.1",46
"9 Oct, 2020","11,054.2",48
"10 Oct, 2020","11,298.4",53
"11 Oct, 2020","11,371.0",55
"12 Oct, 2020","11,533.9",52
"13 Oct, 2020","11,423.8",56
"14 Oct, 2020","11,420.4",53
"15 Oct, 2020","11,503.0",56
"16 Oct, 2020","11,322.0",52
"17 Oct, 2020","11,362.1",56
"18 Oct, 2020","11,506.9",55
"19 Oct, 2020","11,753.4",55
"20 Oct, 2020","11,913.5",56
"21 Oct, 2020","12,808.7",61
"22 Oct, 2020","12,974.6",73
"23 Oct, 2020","12,934.1",74
"24 Oct, 2020","13,117.2",73
"25 Oct, 2020","13,032.2",76
"26 Oct, 2020","13,061.6",75
"27 Oct, 2020","13,657.8",61
"28 Oct, 2020","13,278.9",70
"29 Oct, 2020","13,457.2",67
"30 Oct, 2020","13,559.9",74
"31 Oct, 2020","13,797.3",73
"1 Nov, 2020","13,759.4",72
"2 Nov, 2020","13,561.4",71
"3 Nov, 2020","14,019.9",71
"4 Nov, 2020","14,145.6",74
"5 Nov, 2020","15,587.1",72
"6 Nov, 2020","15,577.9",90
"7 Nov, 2020","14,828.4",88
"8 Nov, 2020","15,483.7",82
"9 Nov, 2020","15,327.2",90
"10 Nov, 2020","15,303.6",90
"11 Nov, 2020","15,695.8",86
"12 Nov, 2020","16,294.7",87
"13 Nov, 2020","16,324.2",89
"14 Nov, 2020","16,071.0",90
"15 Nov, 2020","15,953.0",86
"16 Nov, 2020","16,715.8",90
"17 Nov, 2020","17,662.3",86
"18 Nov, 2020","17,774.6",91
"19 Nov, 2020","17,803.5",94
"20 Nov, 2020","18,675.2",86
"21 Nov, 2020","18,687.2",91
"22 Nov, 2020","18,412.9",94
"23 Nov, 2020","18,379.6",90
"24 Nov, 2020","19,152.6",88
"25 Nov, 2020","18,723.0",94
"26 Nov, 2020","17,162.0",93
"27 Nov, 2020","17,127.1",86
"28 Nov, 2020","17,730.7",87
"29 Nov, 2020","18,185.5",89
"30 Nov, 2020","19,698.1",88
"1 Dec, 2020","18,770.7",95
"2 Dec, 2020","19,218.8",92
"3 Dec, 2020","19,433.3",92
"4 Dec, 2020","18,658.1",92
"5 Dec, 2020","19,146.5",93
"6 Dec, 2020","19,379.9",95
"7 Dec, 2020","19,170.7",94
"8 Dec, 2020","18,326.6",95
"9 Dec, 2020","18,546.0",86
"10 Dec, 2020","18,247.2",94
"11 Dec, 2020","18,023.6",89
"12 Dec, 2020","18,808.9",90
"13 Dec, 2020","19,176.8",91
"14 Dec, 2020","19,273.8",95
"15 Dec, 2020","19,434.9",91
"16 Dec, 2020","21,352.2",92
"17 Dec, 2020","22,825.4",92
"18 Dec, 2020","23,127.9",95
"19 Dec, 2020","23,844.0",93
"20 Dec, 2020","23,474.9",92
"21 Dec, 2020","22,728.5",92
"22 Dec, 2020","23,823.2",88
"23 Dec, 2020","23,257.9",93
"24 Dec, 2020","23,736.5",86
"25 Dec, 2020","24,689.6",94
"26 Dec, 2020","26,454.4",93
"27 Dec, 2020","26,261.3",91
"28 Dec, 2020","27,057.8",92
"29 Dec, 2020","27,376.0",91
"30 Dec, 2020","28,868.7",91
"31 Dec, 2020","28,949.4",95
"1 Jan, 2021","29,359.9",94
"2 Jan, 2021","32,193.3",94
"3 Jan, 2021","32,958.9",93
"4 Jan, 2021","32,022.6",94
"5 Jan, 2021","33,991.5",93
"6 Jan, 2021","36,793.2",95
"7 Jan, 2021","39,460.2",91
"8 Jan, 2021","40,599.3",93
"9 Jan, 2021","40,151.9",93
"10 Jan, 2021","38,192.2",94
"11 Jan, 2021","35,544.3",90
"12 Jan, 2021","34,076.1",84
"13 Jan, 2021","37,382.2",78
"14 Jan, 2021","39,175.7",83
"15 Jan, 2021","36,845.8",88
"16 Jan, 2021","36,019.5",84
"17 Jan, 2021","35,839.6",79
"18 Jan, 2021","36,613.2",79
"19 Jan, 2021","36,002.9",80
"20 Jan, 2021","35,476.3",78
"21 Jan, 2021","30,842.1",75
"22 Jan, 2021","33,000.5",40
"23 Jan, 2021","32,088.9",74
"24 Jan, 2021","32,241.3",70
"25 Jan, 2021","32,252.3",74
"26 Jan, 2021","32,502.1",71
"27 Jan, 2021","30,404.0",78
"28 Jan, 2021","33,374.8",55
"29 Jan, 2021","34,301.8",77
"30 Jan, 2021","34,283.1",76
"31 Jan, 2021","33,108.1",78
"1 Feb, 2021","33,515.7",77
"2 Feb, 2021","35,485.2",76
"3 Feb, 2021","37,646.8",78
"4 Feb, 2021","36,982.1",80
"5 Feb, 2021","38,297.6",81
"6 Feb, 2021","39,256.6",84
"7 Feb, 2021","38,852.9",86
"8 Feb, 2021","46,395.7",83
"9 Feb, 2021","46,508.6",95
"10 Feb, 2021","44,836.0",92
"11 Feb, 2021","47,990.7",93
"12 Feb, 2021","47,371.7",92
"13 Feb, 2021","47,168.7",92
"14 Feb, 2021","48,643.4",95
"15 Feb, 2021","47,936.3",93
"16 Feb, 2021","49,169.7",95
"17 Feb, 2021","52,079.2",95
"18 Feb, 2021","51,582.2",91
"19 Feb, 2021","55,906.6",93
"20 Feb, 2021","55,923.7",91
"21 Feb, 2021","57,433.8",91
"22 Feb, 2021","54,111.8",94
"23 Feb, 2021","48,911.2",94
"24 Feb, 2021","49,697.5",76
"25 Feb, 2021","46,928.5",79
"26 Feb, 2021","46,345.6",55
"27 Feb, 2021","46,136.7",56
"28 Feb, 2021","45,164.0",55
"1 Mar, 2021","49,595.5",38
"2 Mar, 2021","48,424.2",78
"3 Mar, 2021","50,395.1",78
"4 Mar, 2021","48,428.0",84
"5 Mar, 2021","48,792.5",77
"6 Mar, 2021","48,855.6",77
"7 Mar, 2021","50,982.3",76
"8 Mar, 2021","52,311.0",81
"9 Mar, 2021","54,879.0",81
"10 Mar, 2021","55,851.9",68
"11 Mar, 2021","57,799.5",73
"12 Mar, 2021","57,265.1",70
"13 Mar, 2021","61,195.3",74
"14 Mar, 2021","59,113.7",78
"15 Mar, 2021","55,791.3",76
"16 Mar, 2021","56,889.7",71
"17 Mar, 2021","58,913.5",71
"18 Mar, 2021","57,656.0",72
"19 Mar, 2021","58,088.0",71
"20 Mar, 2021","58,093.4",75
"21 Mar, 2021","57,383.8",73
"22 Mar, 2021","54,158.3",70
"23 Mar, 2021","54,452.5",66
"24 Mar, 2021","52,325.4",65
"25 Mar, 2021","51,322.3",60
"26 Mar, 2021","55,036.1",54
"27 Mar, 2021","55,862.9",65
"28 Mar, 2021","55,765.2",74
"29 Mar, 2021","57,616.2",72
"30 Mar, 2021","58,771.3",72
"31 Mar, 2021","58,763.7",76
"1 Apr, 2021","58,718.3",74
"2 Apr, 2021","58,977.3",74
"3 Apr, 2021","57,059.9",73
"4 Apr, 2021","58,199.9",74
"5 Apr, 2021","58,993.4",71
"6 Apr, 2021","57,996.3",75
"7 Apr, 2021","55,948.7",72
"8 Apr, 2021","58,077.4",73
"9 Apr, 2021","58,118.7",70
"10 Apr, 2021","59,748.4",70
"11 Apr, 2021","59,978.7",76
"12 Apr, 2021","59,863.8",74
"13 Apr, 2021","63,540.9",74
"14 Apr, 2021","62,980.4",75
"15 Apr, 2021","63,216.0",79
"16 Apr, 2021","61,379.7",78
"17 Apr, 2021","60,041.9",76
"18 Apr, 2021","56,207.1",79
"19 Apr, 2021","55,646.1",74
"20 Apr, 2021","56,483.2",73
"21 Apr, 2021","53,820.2",73
"22 Apr, 2021","51,729.5",65
"23 Apr, 2021","51,143.6",55
"24 Apr, 2021","50,088.9",37
"25 Apr, 2021","48,963.6",31
"26 Apr, 2021","54,020.5",27
"27 Apr, 2021","55,036.5",50
"28 Apr, 2021","54,841.4",59
"29 Apr, 2021","53,560.8",52
"30 Apr, 2021","57,720.3",51
"1 May, 2021","57,807.1",68
"2 May, 2021","56,603.8",66
"3 May, 2021","57,169.8",61
"4 May, 2021","53,741.5",68
"5 May, 2021","57,441.3",48
"6 May, 2021","56,405.4",65
"7 May, 2021","57,337.2",64
"8 May, 2021","58,840.1",67
"9 May, 2021","58,238.3",73
"10 May, 2021","55,848.9",72
"11 May, 2021","56,695.7",61
"12 May, 2021","49,384.2",68
"13 May, 2021","49,704.6",31
"14 May, 2021","49,839.8",26
"15 May, 2021","46,708.8",27
"16 May, 2021","46,426.4",20
"17 May, 2021","43,541.3",27
"18 May, 2021","42,897.3",21
"19 May, 2021","36,720.5",23
"20 May, 2021","40,717.2",11
"21 May, 2021","37,297.4",19
"22 May, 2021","37,448.3",12
"23 May, 2021","34,679.7",14
"24 May, 2021","38,750.6",10
"25 May, 2021","38,378.3",22
"26 May, 2021","39,249.2",22
"27 May, 2021","38,417.3",27
"28 May, 2021","35,662.5",21
"29 May, 2021","34,584.6",18
"30 May, 2021","35,652.8",10
"31 May, 2021","37,298.6",18
"1 Jun, 2021","36,687.6",20
"2 Jun, 2021","37,555.8",23
"3 Jun, 2021","39,187.3",24
"4 Jun, 2021","36,851.3",27
"5 Jun, 2021","35,520.0",24
"6 Jun, 2021","35,815.4",17
"7 Jun, 2021","33,578.0",15
"8 Jun, 2021","33,382.9",13
"9 Jun, 2021","37,332.2",14
"10 Jun, 2021","36,649.4",21
"11 Jun, 2021","37,314.6",21
"12 Jun, 2021","35,467.5",28
"13 Jun, 2021","39,022.9",23
"14 Jun, 2021","40,529.4",28
"15 Jun, 2021","40,156.1",38
"16 Jun, 2021","38,336.0",33
"17 Jun, 2021","38,052.0",26
"18 Jun, 2021","35,749.4",25
"19 Jun, 2021","35,513.4",23
"20 Jun, 2021","35,595.8",21
"21 Jun, 2021","31,692.0",23
"22 Jun, 2021","32,496.4",10
"23 Jun, 2021","33,674.3",14
"24 Jun, 2021","34,665.8",22
"25 Jun, 2021","31,594.0",27
"26 Jun, 2021","32,243.4",20
"27 Jun, 2021","34,678.5",22
"28 Jun, 2021","34,475.9",25
"29 Jun, 2021","35,834.7",25
"30 Jun, 2021","35,026.9",28
"1 Jul, 2021","33,543.6",28
"2 Jul, 2021","33,813.4",21
"3 Jul, 2021","34,742.8",24
"4 Jul, 2021","35,298.2",27
"5 Jul, 2021","33,687.8",29
"6 Jul, 2021","34,225.6",20
"7 Jul, 2021","33,867.8",28
"8 Jul, 2021","32,866.3",20
"9 Jul, 2021","33,797.4",20
"10 Jul, 2021","33,510.6",20
"11 Jul, 2021","34,227.7",20
"12 Jul, 2021","33,113.0",25
"13 Jul, 2021","32,728.1",20
"14 Jul, 2021","32,820.7",21
"15 Jul, 2021","31,840.5",20
"16 Jul, 2021","31,394.0",22
"17 Jul, 2021","31,518.6",15
"18 Jul, 2021","31,785.4",19
"19 Jul, 2021","30,837.2",24
"20 Jul, 2021","29,793.8",19
"21 Jul, 2021","32,131.4",10
"22 Jul, 2021","32,298.9",21
"23 Jul, 2021","33,603.3",23
"24 Jul, 2021","33,824.8",22
"25 Jul, 2021","35,391.1",27
"26 Jul, 2021","37,276.6",26
"27 Jul, 2021","39,452.0",32
"28 Jul, 2021","40,003.2",50
"29 Jul, 2021","40,001.4",50
"30 Jul, 2021","42,203.4",53
"31 Jul, 2021","41,553.7",60
"1 Aug, 2021","39,878.3",60
"2 Aug, 2021","39,168.4",48
"3 Aug, 2021","38,130.3",48
"4 Aug, 2021","39,736.9",42
"5 Aug, 2021","40,867.2",50
"6 Aug, 2021","42,795.4",52
"7 Aug, 2021","44,614.2",69
"8 Aug, 2021","43,792.8",74
"9 Aug, 2021","46,284.3",65
"10 Aug, 2021","45,593.8",71
"11 Aug, 2021","45,564.3",70
"12 Aug, 2021","44,403.4",70
"13 Aug, 2021","47,809.1",70
"14 Aug, 2021","47,081.5",76
"15 Aug, 2021","46,991.3",71
"16 Aug, 2021","45,996.3",72
"17 Aug, 2021","44,691.6",72
"18 Aug, 2021","44,723.8",73
"19 Aug, 2021","46,755.9",70
"20 Aug, 2021","49,324.0",70
"21 Aug, 2021","48,875.8",78
"22 Aug, 2021","49,254.5",76
"23 Aug, 2021","49,539.7",79
"24 Aug, 2021","47,714.7",79
"25 Aug, 2021","48,994.5",73
"26 Aug, 2021","46,831.6",75
"27 Aug, 2021","49,064.3",71
"28 Aug, 2021","48,897.1",78
"29 Aug, 2021","48,777.4",72
"30 Aug, 2021","46,992.7",73
"31 Aug, 2021","47,130.4",73
"1 Sep, 2021","48,819.4",71
"2 Sep, 2021","49,274.3",74
"3 Sep, 2021","49,999.0",74
"4 Sep, 2021","49,918.4",72
"5 Sep, 2021","51,768.6",73
"6 Sep, 2021","52,672.1",79
"7 Sep, 2021","46,779.6",79
"8 Sep, 2021","46,061.4",47
"9 Sep, 2021","46,385.6",45
"10 Sep, 2021","44,842.8",46
"11 Sep, 2021","45,161.9",31
"12 Sep, 2021","46,062.3",32
"13 Sep, 2021","44,949.5",44
"14 Sep, 2021","47,077.5",30
"15 Sep, 2021","48,130.6",49
"16 Sep, 2021","47,748.0",53
"17 Sep, 2021","47,282.8",48
"18 Sep, 2021","48,306.7",50
"19 Sep, 2021","47,238.7",53
"20 Sep, 2021","42,870.6",50
"21 Sep, 2021","40,651.3",27
"22 Sep, 2021","43,551.6",21
"23 Sep, 2021","44,869.2",27
"24 Sep, 2021","42,819.9",33
"25 Sep, 2021","42,686.8",28
"26 Sep, 2021","43,203.4",27
"27 Sep, 2021","42,172.6",26
"28 Sep, 2021","41,022.3",25
"29 Sep, 2021","41,536.8",24
"30 Sep, 2021","43,823.3",20
"1 Oct, 2021","48,146.0",27
"2 Oct, 2021","47,666.9",54
"3 Oct, 2021","48,200.1",49
"4 Oct, 2021","49,227.3",54
"5 Oct, 2021","51,469.3",59
"6 Oct, 2021","55,323.2",68
"7 Oct, 2021","53,783.9",76
"8 Oct, 2021","53,914.7",74
"9 Oct, 2021","54,942.5",72
"10 Oct, 2021","54,687.7",71
"11 Oct, 2021","57,477.3",71
"12 Oct, 2021","56,015.9",78
"13 Oct, 2021","57,380.1",70
"14 Oct, 2021","57,345.8",70
"15 Oct, 2021","61,672.5",71
"16 Oct, 2021","60,861.1",78
"17 Oct, 2021","61,527.5",79
"18 Oct, 2021","62,056.3",78
"19 Oct, 2021","64,278.5",75
"20 Oct, 2021","65,979.1",82
"21 Oct, 2021","62,210.2",84
"22 Oct, 2021","60,690.3",75
"23 Oct, 2021","61,312.5",74
"24 Oct, 2021","60,866.5",73
"25 Oct, 2021","63,067.0",72
"26 Oct, 2021","60,310.8",76
"27 Oct, 2021","58,438.1",73
"28 Oct, 2021","60,582.5",66
"29 Oct, 2021","62,242.8",70
"30 Oct, 2021","61,840.1",73
"31 Oct, 2021","61,309.6",74
"1 Nov, 2021","60,915.3",74
"2 Nov, 2021","63,221.7",73
"3 Nov, 2021","62,918.5",76
"4 Nov, 2021","61,412.6",73
"5 Nov, 2021","60,974.3",73
"6 Nov, 2021","61,483.9",71
"7 Nov, 2021","63,273.2",73
"8 Nov, 2021","67,527.9",75
"9 Nov, 2021","66,904.4",84
"10 Nov, 2021","64,932.6",75
"11 Nov, 2021","64,806.7",77
"12 Nov, 2021","64,134.5",74
"13 Nov, 2021","64,398.6",72
"14 Nov, 2021","65,508.2",74
"15 Nov, 2021","63,597.9",72
"16 Nov, 2021","60,089.1",71
"17 Nov, 2021","60,367.8",52
"18 Nov, 2021","56,955.3",54
"19 Nov, 2021","58,083.4",34
"20 Nov, 2021","59,717.6",43
"21 Nov, 2021","58,714.3",49
"22 Nov, 2021","56,308.8",50
"23 Nov, 2021","57,573.2",33
"24 Nov, 2021","57,171.7",42
"25 Nov, 2021","58,935.1",32
"26 Nov, 2021","53,730.9",47
"27 Nov, 2021","54,765.9",21
"28 Nov, 2021","57,291.5",27
"29 Nov, 2021","57,794.8",33
"30 Nov, 2021","56,882.9",40
"1 Dec, 2021","57,210.3",34
"2 Dec, 2021","56,496.0",32
"3 Dec, 2021","53,631.5",31
"4 Dec, 2021","49,195.2",25
"5 Dec, 2021","49,405.5",18
"6 Dec, 2021","50,562.1",16
"7 Dec, 2021","50,595.2",25
"8 Dec, 2021","50,473.9",28
"9 Dec, 2021","47,596.6",29
"10 Dec, 2021","47,137.2",24
"11 Dec, 2021","49,314.5",16
"12 Dec, 2021","50,081.0",27
"13 Dec, 2021","46,703.6",28
"14 Dec, 2021","48,366.5",21
"15 Dec, 2021","48,871.5",28
"16 Dec, 2021","47,628.2",29
"17 Dec, 2021","46,172.2",23
"18 Dec, 2021","46,856.2",24
"19 Dec, 2021","46,704.5",29
"20 Dec, 2021","46,895.2",25
"21 Dec, 2021","48,902.0",27
"22 Dec, 2021","48,599.7",45
"23 Dec, 2021","50,801.0",34
"24 Dec, 2021","50,786.1",41
"25 Dec, 2021","50,406.4",39
"26 Dec, 2021","50,779.9",37
"27 Dec, 2021","50,678.2",40
"28 Dec, 2021","47,545.2",41
"29 Dec, 2021","46,461.7",27
"30 Dec, 2021","47,123.3",22
"31 Dec, 2021","46,219.5",28
"1 Jan, 2022","47,738.0",21
"2 Jan, 2022","47,311.8",29
"3 Jan, 2022","46,430.2",29
"4 Jan, 2022","45,837.3",23
"5 Jan, 2022","43,425.9",24
"6 Jan, 2022","43,097.5",15
"7 Jan, 2022","41,546.7",18
"8 Jan, 2022","41,672.0",10
"9 Jan, 2022","41,848.3",23
"10 Jan, 2022","41,832.2",23
"11 Jan, 2022","42,733.2",21
"12 Jan, 2022","43,901.0",22
"13 Jan, 2022","42,560.0",21
"14 Jan, 2022","43,073.3",21
"15 Jan, 2022","43,097.0",23
"16 Jan, 2022","43,079.1",21
"17 Jan, 2022","42,209.3",22
"18 Jan, 2022","42,364.6",24
"19 Jan, 2022","41,677.8",24
"20 Jan, 2022","40,715.9",24
"21 Jan, 2022","36,475.5",19
"22 Jan, 2022","35,075.2",13
"23 Jan, 2022","36,269.5",11
"24 Jan, 2022","36,686.3",13
"25 Jan, 2022","36,950.6",12
"26 Jan, 2022","36,800.4",23
"27 Jan, 2022","37,164.3",20
"28 Jan, 2022","37,745.1",24
"29 Jan, 2022","38,170.8",24
"30 Jan, 2022","37,917.7",29
"31 Jan, 2022","38,498.6",20
"1 Feb, 2022","38,709.7",26
"2 Feb, 2022","36,890.2",28
"3 Feb, 2022","37,287.8",20
"4 Feb, 2022","41,567.6",20
"5 Feb, 2022","41,412.1",33
"6 Feb, 2022","42,392.2",37
"7 Feb, 2022","43,833.9",45
"8 Feb, 2022","44,038.2",48
"9 Feb, 2022","44,388.9",54
"10 Feb, 2022","43,521.0",50
"11 Feb, 2022","42,388.4",50
"12 Feb, 2022","42,205.2",44
"13 Feb, 2022","42,061.1",44
"14 Feb, 2022","42,550.3",46
"15 Feb, 2022","44,544.4",46
"16 Feb, 2022","43,883.6",51
"17 Feb, 2022","40,552.8",52
"18 Feb, 2022","40,000.1",30
"19 Feb, 2022","40,090.3",25
"20 Feb, 2022","38,355.0",27
"21 Feb, 2022","37,017.7",25
"22 Feb, 2022","38,248.2",20
"23 Feb, 2022","37,224.6",25
"24 Feb, 2022","38,339.2",23
"25 Feb, 2022","39,209.6",27
"26 Feb, 2022","39,115.5",26
"27 Feb, 2022","37,689.1",26
"28 Feb, 2022","43,188.2",20
"1 Mar, 2022","44,420.3",51
"2 Mar, 2022","43,912.8",52
"3 Mar, 2022","42,463.0",39
"4 Mar, 2022","39,142.7",33
"5 Mar, 2022","39,395.8",22
"6 Mar, 2022","38,403.1",22
"7 Mar, 2022","38,024.8",23
"8 Mar, 2022","38,744.8",21
"9 Mar, 2022","41,929.0",22
"10 Mar, 2022","39,416.3",28
"11 Mar, 2022","38,730.2",22
"12 Mar, 2022","38,814.3",22
"13 Mar, 2022","37,792.4",21
"14 Mar, 2022","39,671.1",23
"15 Mar, 2022","39,285.7",21
"16 Mar, 2022","41,118.7",24
"17 Mar, 2022","40,914.8",27
"18 Mar, 2022","41,767.8",25
"19 Mar, 2022","42,233.0",28
"20 Mar, 2022","41,276.0",31
"21 Mar, 2022","41,022.0",30
"22 Mar, 2022","42,373.0",26
"23 Mar, 2022","42,912.0",31
"24 Mar, 2022","44,013.0",40
"25 Mar, 2022","44,331.0",47
"26 Mar, 2022","44,548.0",51
"27 Mar, 2022","46,859.0",49
"28 Mar, 2022","47,105.0",60
"29 Mar, 2022","47,449.0",56
"30 Mar, 2022","47,075.0",55
"31 Mar, 2022","45,525.0",52
"1 Apr, 2022","46,297.0",50
"2 Apr, 2022","45,811.0",52
"3 Apr, 2022","46,407.0",48
"4 Apr, 2022","46,629.0",52
"5 Apr, 2022","45,506.0",53
"6 Apr, 2022","43,173.0",48
"7 Apr, 2022","43,448.0",34
"8 Apr, 2022","42,275.0",37
"9 Apr, 2022","42,767.0",30
"10 Apr, 2022","42,138.0",34
"11 Apr, 2022","39,497.0",32
"12 Apr, 2022","40,078.0",20
"13 Apr, 2022","41,133.0",25
"14 Apr, 2022","39,936.0",28
"15 Apr, 2022","40,560.0",22
"16 Apr, 2022","40,382.0",28
"17 Apr, 2022","39,703.0",28
"18 Apr, 2022","40,803.0",24
"19 Apr, 2022","41,503.0",27
"20 Apr, 2022","41,368.0",27
"21 Apr, 2022","40,482.0",27
"22 Apr, 2022","39,709.0",26
"23 Apr, 2022","39,418.0",24
"24 Apr, 2022","39,464.0",24
"25 Apr, 2022","40,427.0",23
"26 Apr, 2022","38,113.0",27
"27 Apr, 2022","39,243.0",21
"28 Apr, 2022","39,748.0",24
"29 Apr, 2022","38,581.0",23
"30 Apr, 2022","37,650.0",20
"1 May, 2022","38,461.0",22
"2 May, 2022","38,514.0",28
"3 May, 2022","37,718.0",27
"4 May, 2022","39,688.0",21
"5 May, 2022","36,544.0",27
"6 May, 2022","36,009.0",22
"7 May, 2022","35,468.0",23
"8 May, 2022","34,060.0",18
"9 May, 2022","30,095.0",11
"10 May, 2022","31,007.5",10
"11 May, 2022","29,068.2",12
"12 May, 2022","28,976.0",12
"13 May, 2022","29,284.4",10
"14 May, 2022","30,080.4",9
"15 May, 2022","31,308.7",10
"16 May, 2022","29,849.0",14
"17 May, 2022","30,437.5",8
"18 May, 2022","28,683.7",12
"19 May, 2022","30,305.9",13
"20 May, 2022","29,178.6",13
"21 May, 2022","29,434.6",13
"22 May, 2022","30,286.6",14
"23 May, 2022","29,093.3",10
"24 May, 2022","29,648.7",12
"25 May, 2022","29,540.6",11
"26 May, 2022","29,203.5",12
"27 May, 2022","28,601.2",12
"28 May, 2022","29,027.1",13
"29 May, 2022","29,465.2",14
"30 May, 2022","31,723.3",10
"31 May, 2022","31,793.4",16
"1 Jun, 2022","29,798.5",17
"2 Jun, 2022","30,455.5",13
"3 Jun, 2022","29,700.9",10
"4 Jun, 2022","29,864.3",14
"5 Jun, 2022","29,913.0",10
"6 Jun, 2022","31,367.6",13
"7 Jun, 2022","31,128.8",15
"8 Jun, 2022","30,201.6",17
"9 Jun, 2022","30,097.8",11
"10 Jun, 2022","29,083.3",13
"11 Jun, 2022","28,403.4",12
"12 Jun, 2022","26,606.3",14
"13 Jun, 2022","22,448.0",11
"14 Jun, 2022","22,157.3",8
"15 Jun, 2022","22,577.9",7
"16 Jun, 2022","20,386.6",7
"17 Jun, 2022","20,444.6",9
"18 Jun, 2022","18,986.5",6
"19 Jun, 2022","20,577.2",6
"20 Jun, 2022","20,572.3",9
"21 Jun, 2022","20,720.4",9
"22 Jun, 2022","19,965.8",11
"23 Jun, 2022","21,100.7",11
"24 Jun, 2022","21,226.9",11
"25 Jun, 2022","21,489.9",14
"26 Jun, 2022","21,043.5",14
"27 Jun, 2022","20,730.2",12
"28 Jun, 2022","20,278.0",10
"29 Jun, 2022","20,111.3",13
"30 Jun, 2022","19,926.6",11
"1 Jul, 2022","19,262.9",11
"2 Jul, 2022","19,243.2",14
"3 Jul, 2022","19,309.9",11
"4 Jul, 2022","20,215.8",14
"5 Jul, 2022","20,200.6",19
"6 Jul, 2022","20,561.1",18
"7 Jul, 2022","21,637.8",18
"8 Jul, 2022","21,611.2",20
"9 Jul, 2022","21,587.5",24
"10 Jul, 2022","20,847.4",24
"11 Jul, 2022","19,963.2",22
"12 Jul, 2022","19,330.9",16
"13 Jul, 2022","20,250.0",15
"14 Jul, 2022","20,586.0",18
"15 Jul, 2022","20,825.1",15
"16 Jul, 2022","21,209.9",21
"17 Jul, 2022","20,785.6",24
"18 Jul, 2022","22,525.8",20
"19 Jul, 2022","23,410.2",30
"20 Jul, 2022","23,215.2",31
"21 Jul, 2022","23,153.0",34
"22 Jul, 2022","22,675.2",33
"23 Jul, 2022","22,460.4",31
"24 Jul, 2022","22,582.1",30
"25 Jul, 2022","21,301.9",30
"26 Jul, 2022","21,248.7",26
"27 Jul, 2022","22,958.3",28
"28 Jul, 2022","23,850.0",32
"29 Jul, 2022","23,774.3",39
"30 Jul, 2022","23,634.2",42
"31 Jul, 2022","23,303.4",39
"1 Aug, 2022","23,271.2",33
"2 Aug, 2022","22,988.6",31
"3 Aug, 2022","22,820.8",34
"4 Aug, 2022","22,612.1",30
"5 Aug, 2022","23,308.2",31
"6 Aug, 2022","22,944.2",31
"7 Aug, 2022","23,175.3",30
"8 Aug, 2022","23,816.3",30
"9 Aug, 2022","23,146.7",42
"10 Aug, 2022","23,962.9",31
"11 Aug, 2022","23,935.3",41
"12 Aug, 2022","24,398.7",42
"13 Aug, 2022","24,442.5",46
"14 Aug, 2022","24,302.8",47
"15 Aug, 2022","24,101.7",45
"16 Aug, 2022","23,856.8",44
"17 Aug, 2022","23,338.0",41
"18 Aug, 2022","23,203.6",30
"19 Aug, 2022","20,831.3",33
"20 Aug, 2022","21,138.9",29
"21 Aug, 2022","21,517.2",27
"22 Aug, 2022","21,416.3",29
"23 Aug, 2022","21,517.2",28
"24 Aug, 2022","21,365.2",25
"25 Aug, 2022","21,565.4",25
"26 Aug, 2022","20,249.9",27
"27 Aug, 2022","20,033.9",28
"28 Aug, 2022","19,550.2",28
"29 Aug, 2022","20,295.8",24
"30 Aug, 2022","19,792.6",27
"31 Aug, 2022","20,043.9",23
"1 Sep, 2022","20,126.1",20
"2 Sep, 2022","19,952.7",25
"3 Sep, 2022","19,831.4",21
"4 Sep, 2022","19,999.9",20
"5 Sep, 2022","19,793.1",23
"6 Sep, 2022","18,786.4",22
"7 Sep, 2022","19,281.5",24
"8 Sep, 2022","19,317.4",20
"9 Sep, 2022","21,365.2",22
"10 Sep, 2022","21,650.4",28
"11 Sep, 2022","21,834.9",26
"12 Sep, 2022","22,395.3",25
"13 Sep, 2022","20,175.5",34
"14 Sep, 2022","20,222.5",27
"15 Sep, 2022","19,701.7",28
"16 Sep, 2022","19,802.4",20
"17 Sep, 2022","20,113.5",22
"18 Sep, 2022","19,418.8",27
"19 Sep, 2022","19,538.9",21
"20 Sep, 2022","18,872.4",23
"21 Sep, 2022","18,489.0",23
"22 Sep, 2022","19,404.0",22
"23 Sep, 2022","19,293.5",20
"24 Sep, 2022","18,925.2",24
"25 Sep, 2022","18,803.2",24
"26 Sep, 2022","19,225.7",21
"27 Sep, 2022","19,081.0",20
"28 Sep, 2022","19,411.0",20
"29 Sep, 2022","19,593.0",22
"30 Sep, 2022","19,423.0",21
"1 Oct, 2022","19,311.9",20
"2 Oct, 2022","19,052.2",24
"3 Oct, 2022","19,628.3",24
"4 Oct, 2022","20,340.2",20
"5 Oct, 2022","20,157.5",25
"6 Oct, 2022","19,956.7",26
"7 Oct, 2022","19,531.3",23
"8 Oct, 2022","19,415.0",24
"9 Oct, 2022","19,441.0",22
"10 Oct, 2022","19,134.6",22
"11 Oct, 2022","19,059.1",24
"12 Oct, 2022","19,154.8",20
"13 Oct, 2022","19,379.8",20
"14 Oct, 2022","19,181.8",24
"15 Oct, 2022","19,068.7",24
"16 Oct, 2022","19,261.9",24
"17 Oct, 2022","19,548.2",20
"18 Oct, 2022","19,328.2",22
"19 Oct, 2022","19,123.9",23
"20 Oct, 2022","19,042.9",23
"21 Oct, 2022","19,162.6",23
"22 Oct, 2022","19,204.8",20
"23 Oct, 2022","19,571.2",23
"24 Oct, 2022","19,331.5",22
"25 Oct, 2022","20,082.7",20
"26 Oct, 2022","20,769.5",33
"27 Oct, 2022","20,292.9",32
"28 Oct, 2022","20,594.4",30
"29 Oct, 2022","20,809.8",34
"30 Oct, 2022","20,626.3",34
"31 Oct, 2022","20,496.3",31
"1 Nov, 2022","20,483.5",30
"2 Nov, 2022","20,154.4",30
"3 Nov, 2022","20,206.4",30
"4 Nov, 2022","21,145.9",30
"5 Nov, 2022","21,301.6",38
"6 Nov, 2022","20,916.3",40
"7 Nov, 2022","20,589.0",33
"8 Nov, 2022","18,527.4",31
"9 Nov, 2022","15,886.9",29
"10 Nov, 2022","17,589.1",22
"11 Nov, 2022","17,049.9",25
"12 Nov, 2022","16,795.2",21
"13 Nov, 2022","16,324.5",22
"14 Nov, 2022","16,613.7",24
"15 Nov, 2022","16,895.1",22
"16 Nov, 2022","16,540.5",23
"17 Nov, 2022","16,691.2",20
"18 Nov, 2022","16,638.3",23
"19 Nov, 2022","16,699.2",23
"20 Nov, 2022","16,286.7",24
"21 Nov, 2022","15,776.2",21
"22 Nov, 2022","16,212.9",22
"23 Nov, 2022","16,623.9",22
"24 Nov, 2022","16,601.2",20
"25 Nov, 2022","16,512.3",20
"26 Nov, 2022","16,456.5",22
"27 Nov, 2022","16,425.6",26
"28 Nov, 2022","16,211.7",28
"29 Nov, 2022","16,440.4",26
"30 Nov, 2022","17,163.9",29
"1 Dec, 2022","16,972.0",27
"2 Dec, 2022","17,093.6",27
"3 Dec, 2022","16,884.5",27
"4 Dec, 2022","17,112.6",26
"5 Dec, 2022","16,966.5",26
"6 Dec, 2022","17,089.3",25
"7 Dec, 2022","16,835.2",29
"8 Dec, 2022","17,225.7",25
"9 Dec, 2022","17,125.7",26
"10 Dec, 2022","17,127.2",27
"11 Dec, 2022","17,093.3",26
"12 Dec, 2022","17,210.4",27
"13 Dec, 2022","17,778.6",27
"14 Dec, 2022","17,796.4",30
"15 Dec, 2022","17,356.1",31
"16 Dec, 2022","16,629.6",29
"17 Dec, 2022","16,777.1",28
"18 Dec, 2022","16,741.1",26
"19 Dec, 2022","16,441.3",29
"20 Dec, 2022","16,902.8",29
"21 Dec, 2022","16,831.8",26
"22 Dec, 2022","16,820.6",28
"23 Dec, 2022","16,779.1",27
"24 Dec, 2022","16,837.2",29
"25 Dec, 2022","16,831.8",29
"26 Dec, 2022","16,918.1",28
"27 Dec, 2022","16,706.1",27
"28 Dec, 2022","16,546.2",28
"29 Dec, 2022","16,636.4",28
"30 Dec, 2022","16,607.2",28
"31 Dec, 2022","16,537.4",25
"1 Jan, 2023","16,618.4",26
"2 Jan, 2023","16,674.3",27
"3 Jan, 2023","16,674.2",26
"4 Jan, 2023","16,852.1",29
"5 Jan, 2023","16,829.8",29
"6 Jan, 2023","16,950.9",26
"7 Jan, 2023","16,943.6",25
"8 Jan, 2023","17,119.0",25
"9 Jan, 2023","17,180.1",25
"10 Jan, 2023","17,439.1",26
"11 Jan, 2023","17,942.3",26
"12 Jan, 2023","18,851.3",30
"13 Jan, 2023","19,927.0",31
"14 Jan, 2023","20,958.2",46
"15 Jan, 2023","20,879.8",52
"16 Jan, 2023","21,184.2",45
"17 Jan, 2023","21,137.1",51
"18 Jan, 2023","20,670.6",52
"19 Jan, 2023","21,081.2",45
"20 Jan, 2023","22,677.2",51
"21 Jan, 2023","22,775.7",53
"22 Jan, 2023","22,707.8",53
"23 Jan, 2023","22,915.5",50
"24 Jan, 2023","22,632.5",52
"25 Jan, 2023","23,055.1",51
"26 Jan, 2023","23,016.0",54
"27 Jan, 2023","23,074.6",55
"28 Jan, 2023","23,027.9",52
"29 Jan, 2023","23,753.1",55
"30 Jan, 2023","22,832.2",61
"31 Jan, 2023","23,125.1",51
"1 Feb, 2023","23,725.6",56
"2 Feb, 2023","23,427.6",60
"3 Feb, 2023","23,431.2",60
"4 Feb, 2023","23,323.8",58
"5 Feb, 2023","22,936.0",58
"6 Feb, 2023","22,761.8",56
"7 Feb, 2023","23,251.7",54
"8 Feb, 2023","22,964.6",58
"9 Feb, 2023","21,792.5",55
"10 Feb, 2023","21,635.0",48
"11 Feb, 2023","21,859.8",49
"12 Feb, 2023","21,786.8",50
"13 Feb, 2023","21,772.6",48
"14 Feb, 2023","22,198.5",50
"15 Feb, 2023","24,327.9",53
"16 Feb, 2023","23,539.6",62
"17 Feb, 2023","24,573.5",61
"18 Feb, 2023","24,631.4",60
"19 Feb, 2023","24,302.9",60
"20 Feb, 2023","24,839.5",58
"21 Feb, 2023","24,450.7",60
"22 Feb, 2023","24,186.6",59
"23 Feb, 2023","23,936.3",56
"24 Feb, 2023","23,191.5",53
"25 Feb, 2023","23,166.1",52
"26 Feb, 2023","23,558.7",51
"27 Feb, 2023","23,494.1",50
"28 Feb, 2023","23,130.5",53
"1 Mar, 2023","23,642.2",50
"2 Mar, 2023","23,465.4",51
"3 Mar, 2023","22,354.4",50
"4 Mar, 2023","22,347.1",50
"5 Mar, 2023","22,428.3",47
"6 Mar, 2023","22,410.0",48
"7 Mar, 2023","22,197.8",49
"8 Mar, 2023","21,710.8",50
"9 Mar, 2023","20,361.8",44
"10 Mar, 2023","20,156.7",34
"11 Mar, 2023","20,467.5",33
"12 Mar, 2023","21,994.8",33
"13 Mar, 2023","24,114.4",49
"14 Mar, 2023","24,699.7",56
"15 Mar, 2023","24,282.7",50
"16 Mar, 2023","25,004.1",52
"17 Mar, 2023","27,391.8",51
"18 Mar, 2023","26,914.5",64
"19 Mar, 2023","27,958.7",63
"20 Mar, 2023","27,720.5",66
"21 Mar, 2023","28,114.0",68
"22 Mar, 2023","27,261.7",62
"23 Mar, 2023","28,310.7",57
"24 Mar, 2023","27,462.2",61
"25 Mar, 2023","27,475.6",64
"26 Mar, 2023","27,973.5",64
"27 Mar, 2023","27,129.8",64
"28 Mar, 2023","27,262.2",59
"29 Mar, 2023","28,350.4",57
"30 Mar, 2023","28,029.5",60
"31 Mar, 2023","28,473.7",63
"1 Apr, 2023","28,456.1",61
"2 Apr, 2023","28,198.3",63
"3 Apr, 2023","27,802.1",63
"4 Apr, 2023","28,164.4",62
"5 Apr, 2023","28,173.5",62
"6 Apr, 2023","28,036.7",63
"7 Apr, 2023","27,910.4",64
"8 Apr, 2023","27,941.2",61
"9 Apr, 2023","28,326.6",61
"10 Apr, 2023","29,641.0",62
"11 Apr, 2023","30,209.6",68
"12 Apr, 2023","29,886.4",65
"13 Apr, 2023","30,387.4",61
"14 Apr, 2023","30,472.5",68
"15 Apr, 2023","30,299.6",68
"16 Apr, 2023","30,310.3",68
"17 Apr, 2023","29,434.9",69
"18 Apr, 2023","30,382.2",58
"19 Apr, 2023","28,813.7",63
"20 Apr, 2023","28,240.5",52
"21 Apr, 2023","27,264.8",50
"22 Apr, 2023","27,813.9",53
"23 Apr, 2023","27,591.4",56
"24 Apr, 2023","27,509.3",53
"25 Apr, 2023","28,298.8",53
"26 Apr, 2023","28,424.6",56
"27 Apr, 2023","29,475.9",59
"28 Apr, 2023","29,321.8",64
"29 Apr, 2023","29,234.1",64
"30 Apr, 2023","29,252.1",60
"1 May, 2023","28,077.6",63
"2 May, 2023","28,669.1",55
"3 May, 2023","29,023.6",64
"4 May, 2023","28,842.1",64
"5 May, 2023","29,513.2",61
"6 May, 2023","28,857.1",60
"7 May, 2023","28,424.8",64
"8 May, 2023","27,670.5",60
"9 May, 2023","27,634.9",51
"10 May, 2023","27,603.3",52
"11 May, 2023","26,983.5",52
"12 May, 2023","26,799.2",49
"13 May, 2023","26,777.5",48
"14 May, 2023","26,920.0",48
"15 May, 2023","27,183.9",50
"16 May, 2023","27,035.3",54
"17 May, 2023","27,403.1",50
"18 May, 2023","26,828.0",51
"19 May, 2023","26,882.9",48
"20 May, 2023","27,116.2",48
"21 May, 2023","26,749.9",52
"22 May, 2023","26,847.3",49
"23 May, 2023","27,220.7",50
"24 May, 2023","26,328.4",50
"25 May, 2023","26,475.8",51
"26 May, 2023","26,711.5",49
"27 May, 2023","26,857.5",48
"28 May, 2023","28,071.2",50
"29 May, 2023","27,739.4",52
"30 May, 2023","27,698.2",51
"31 May, 2023","27,216.1",51
"1 Jun, 2023","26,819.0",52
"2 Jun, 2023","27,244.7",50
"3 Jun, 2023","27,072.0",53
"4 Jun, 2023","27,122.3",52
"5 Jun, 2023","25,747.4",53
"6 Jun, 2023","27,230.2",44
"7 Jun, 2023","26,342.5",53
"8 Jun, 2023","26,501.1",50
"9 Jun, 2023","26,479.3",50
"10 Jun, 2023","25,844.0",49
"11 Jun, 2023","25,928.4",47
"12 Jun, 2023","25,906.8",47
"13 Jun, 2023","25,929.4",45
"14 Jun, 2023","25,129.5",46
"15 Jun, 2023","25,591.3",41
"16 Jun, 2023","26,341.3",47
"17 Jun, 2023","26,515.0",47
"18 Jun, 2023","26,339.7",49
"19 Jun, 2023","26,845.9",47
"20 Jun, 2023","28,307.7",49
"21 Jun, 2023","29,996.9",59
"22 Jun, 2023","29,890.5",65
"23 Jun, 2023","30,679.4",65
"24 Jun, 2023","30,533.6",62
"25 Jun, 2023","30,465.3",64
"26 Jun, 2023","30,267.0",55
"27 Jun, 2023","30,689.1",59
"28 Jun, 2023","30,078.6",62
"29 Jun, 2023","30,445.7",54
"30 Jun, 2023","30,472.9",56
"1 Jul, 2023","30,586.8",59
"2 Jul, 2023","30,617.7",63
"3 Jul, 2023","31,151.3",62
"4 Jul, 2023","30,768.4",64
"5 Jul, 2023","30,512.8",61
"6 Jul, 2023","29,913.1",56
"7 Jul, 2023","30,346.4",55
"8 Jul, 2023","30,288.8",58
"9 Jul, 2023","30,166.9",55
"10 Jul, 2023","30,415.3",56
"11 Jul, 2023","30,623.3",57
"12 Jul, 2023","30,387.3",64
"13 Jul, 2023","31,466.1",57
"14 Jul, 2023","30,317.4",60
"15 Jul, 2023","30,291.4",56
"16 Jul, 2023","30,235.5",57
"17 Jul, 2023","30,139.7",54
"18 Jul, 2023","29,866.8",56
"19 Jul, 2023","29,909.7",50
"20 Jul, 2023","29,801.0",56
"21 Jul, 2023","29,903.1",50
"22 Jul, 2023","29,788.9",52
"23 Jul, 2023","30,085.9",54
"24 Jul, 2023","29,178.1",55
"25 Jul, 2023","29,228.6",50
"26 Jul, 2023","29,352.2",51
"27 Jul, 2023","29,222.7",51
"28 Jul, 2023","29,315.0",52
"29 Jul, 2023","29,353.5",52
"30 Jul, 2023","29,281.7",52
"31 Jul, 2023","29,232.4",50
"1 Aug, 2023","29,712.2",53
"2 Aug, 2023","29,173.7",53
"3 Aug, 2023","29,189.3",52
"4 Aug, 2023","29,105.5",54
"5 Aug, 2023","29,068.1",50
"6 Aug, 2023","29,081.3",49
"7 Aug, 2023","29,204.2",49
"8 Aug, 2023","29,777.4",54
"9 Aug, 2023","29,578.0",50
"10 Aug, 2023","29,449.0",53
"11 Aug, 2023","29,420.8",51
"12 Aug, 2023","29,428.2",54
"13 Aug, 2023","29,300.1",54
"14 Aug, 2023","29,426.7",50
"15 Aug, 2023","29,195.3",53
"16 Aug, 2023","28,726.3",52
"17 Aug, 2023","26,635.7",50
"18 Aug, 2023","26,053.2",37
"19 Aug, 2023","26,099.4",39
"20 Aug, 2023","26,190.8",37
"21 Aug, 2023","26,126.0",38
"22 Aug, 2023","26,039.9",37
"23 Aug, 2023","26,436.2",37
"24 Aug, 2023","26,177.0",41
"25 Aug, 2023","26,057.2",39
"26 Aug, 2023","26,017.1",38
"27 Aug, 2023","26,100.6",38
"28 Aug, 2023","26,118.9",39
"29 Aug, 2023","27,723.9",39
"30 Aug, 2023","27,298.8",49
"31 Aug, 2023","25,937.3",52
"1 Sep, 2023","25,803.2",40
"2 Sep, 2023","25,869.7",39
"3 Sep, 2023","25,971.0",40
"4 Sep, 2023","25,823.3",40
"5 Sep, 2023","25,790.2",40
"6 Sep, 2023","25,758.0",42
"7 Sep, 2023","26,249.8",41
"8 Sep, 2023","25,909.5",46
"9 Sep, 2023","25,901.1",41
"10 Sep, 2023","25,840.2",40
"11 Sep, 2023","25,166.4",40
"12 Sep, 2023","25,834.5",30
"13 Sep, 2023","26,223.0",41
"14 Sep, 2023","26,524.7",45
"15 Sep, 2023","26,601.0",45
"16 Sep, 2023","26,562.0",43
"17 Sep, 2023","26,529.1",46
"18 Sep, 2023","26,763.5",46
"19 Sep, 2023","27,209.2",46
"20 Sep, 2023","27,125.0",47
"21 Sep, 2023","26,570.0",47
"22 Sep, 2023","26,581.9",43
"23 Sep, 2023","26,579.2",47
"24 Sep, 2023","26,251.5",44
"25 Sep, 2023","26,302.7",47
"26 Sep, 2023","26,218.9",46
"27 Sep, 2023","26,366.1",44
"28 Sep, 2023","27,022.6",46
"29 Sep, 2023","26,909.8",48
"30 Sep, 2023","26,962.7",47
"1 Oct, 2023","27,974.5",48
"2 Oct, 2023","27,505.3",50
"3 Oct, 2023","27,428.4",50
"4 Oct, 2023","27,790.9",49
"5 Oct, 2023","27,410.3",48
"6 Oct, 2023","27,936.9",50
"7 Oct, 2023","27,961.1",49
"8 Oct, 2023","27,922.7",50
"9 Oct, 2023","27,581.4",50
"10 Oct, 2023","27,391.0",50
"11 Oct, 2023","26,876.6",47
"12 Oct, 2023","26,761.1",45
"13 Oct, 2023","26,863.5",44
"14 Oct, 2023","26,852.8",47
"15 Oct, 2023","27,161.2",45
"16 Oct, 2023","28,509.7",47
"17 Oct, 2023","28,403.6",52
"18 Oct, 2023","28,321.7",50
"19 Oct, 2023","28,723.0",52
"20 Oct, 2023","29,674.5",53
"21 Oct, 2023","29,912.9",63
"22 Oct, 2023","29,984.2",53
"23 Oct, 2023","33,041.8",53
"24 Oct, 2023","33,917.0",66
"25 Oct, 2023","34,496.8",72
"26 Oct, 2023","34,153.7",71
"27 Oct, 2023","33,901.8",70
"28 Oct, 2023","34,082.6",65
"29 Oct, 2023","34,526.7",72
"30 Oct, 2023","34,477.9",68
"31 Oct, 2023","34,650.6",66
"1 Nov, 2023","35,423.8",66
"2 Nov, 2023","34,931.4",72
"3 Nov, 2023","34,718.7",65
"4 Nov, 2023","35,065.8",68
"5 Nov, 2023","35,019.4",70
"6 Nov, 2023","35,042.0",74
"7 Nov, 2023","35,426.1",68
"8 Nov, 2023","35,636.9",66
"9 Nov, 2023","36,700.5",69
"10 Nov, 2023","37,303.0",70
"11 Nov, 2023","37,150.5",70
"12 Nov, 2023","37,064.4",73
"13 Nov, 2023","36,478.3",72
"14 Nov, 2023","35,549.3",69
"15 Nov, 2023","37,874.9",60
"16 Nov, 2023","36,161.2",70
"17 Nov, 2023","36,595.4",63
"18 Nov, 2023","36,568.6",69
"19 Nov, 2023","37,354.2",66
"20 Nov, 2023","37,454.1",69
"21 Nov, 2023","35,813.6",71
"22 Nov, 2023","37,410.8",62
"23 Nov, 2023","37,293.1",66
"24 Nov, 2023","37,717.3",66
"25 Nov, 2023","37,787.0",73
"26 Nov, 2023","37,451.8",73
"27 Nov, 2023","37,248.6",66
"28 Nov, 2023","37,823.3",68
"29 Nov, 2023","37,855.5",72
"30 Nov, 2023","37,712.9",74
"1 Dec, 2023","38,688.2",71
"2 Dec, 2023","39,458.4",74
"3 Dec, 2023","39,970.2",73
"4 Dec, 2023","41,987.8",74
"5 Dec, 2023","44,076.2",75
"6 Dec, 2023","43,776.3",72
"7 Dec, 2023","43,289.7",72
"8 Dec, 2023","44,175.5",72
"9 Dec, 2023","43,718.4",73
"10 Dec, 2023","43,791.0",74
"11 Dec, 2023","41,256.1",74
"12 Dec, 2023","41,487.0",67
"13 Dec, 2023","42,884.5",65
"14 Dec, 2023","43,025.9",72
"15 Dec, 2023","41,929.0",70
"16 Dec, 2023","42,271.7",67
"17 Dec, 2023","41,368.7",73
"18 Dec, 2023","42,659.7",65
"19 Dec, 2023","42,259.3",73
"20 Dec, 2023","43,662.8",74
"21 Dec, 2023","43,865.9",70
"22 Dec, 2023","43,968.9",74
"23 Dec, 2023","43,710.4",70
"24 Dec, 2023","42,981.5",71
"25 Dec, 2023","43,578.5",73
"26 Dec, 2023","42,513.3",71
"27 Dec, 2023","43,446.5",73
"28 Dec, 2023","42,581.1",73
"29 Dec, 2023","42,072.4",65
"30 Dec, 2023","42,136.7",68
"31 Dec, 2023","42,272.5",67
"1 Jan, 2024","44,183.4",65
"2 Jan, 2024","44,943.7",71
"3 Jan, 2024","42,836.1",70
"4 Jan, 2024","44,157.0",68
"5 Jan, 2024","44,156.9",72
"6 Jan, 2024","43,967.9",70
"7 Jan, 2024","43,927.3",71
"8 Jan, 2024","46,962.2",71
"9 Jan, 2024","46,129.0",76
"10 Jan, 2024","46,629.3",73
"11 Jan, 2024","46,348.2",76
"12 Jan, 2024","42,835.9",71
"13 Jan, 2024","42,851.3",64
"14 Jan, 2024","41,746.1",60
"15 Jan, 2024","42,510.7",52
"16 Jan, 2024","43,145.5",64
"17 Jan, 2024","42,768.7",60
"18 Jan, 2024","41,292.7",63
"19 Jan, 2024","41,648.0",51
"20 Jan, 2024","41,695.4",52
"21 Jan, 2024","41,583.2",56
"22 Jan, 2024","39,556.4",55
"23 Jan, 2024","39,888.8",50
"24 Jan, 2024","40,086.0",48
"25 Jan, 2024","39,935.7",52
"26 Jan, 2024","41,811.3",49
"27 Jan, 2024","42,120.9",55
"28 Jan, 2024","42,030.7",54
"29 Jan, 2024","43,299.8",55
"30 Jan, 2024","42,946.2",61
"31 Jan, 2024","42,580.5",60
"1 Feb, 2024","43,081.4",63
"2 Feb, 2024","43,194.7",63
"3 Feb, 2024","43,005.7",60
"4 Feb, 2024","42,581.4",60
"5 Feb, 2024","42,697.2",60
"6 Feb, 2024","43,087.7",64
"7 Feb, 2024","44,339.8",62
"8 Feb, 2024","45,293.3",66
"9 Feb, 2024","47,127.5",72
"10 Feb, 2024","47,758.2",74
"11 Feb, 2024","48,277.3",71
"12 Feb, 2024","49,941.3",70
"13 Feb, 2024","49,716.0",79
"14 Feb, 2024","51,782.4",74
"15 Feb, 2024","51,901.3",72
"16 Feb, 2024","52,134.2",72
"17 Feb, 2024","51,646.0",76
"18 Feb, 2024","52,117.5",72
"19 Feb, 2024","51,783.6",75
"20 Feb, 2024","52,263.5",72
"21 Feb, 2024","51,858.2",78
"22 Feb, 2024","51,320.4",74
"23 Feb, 2024","50,740.5",76
"24 Feb, 2024","51,571.6",72
"25 Feb, 2024","51,722.7",74
"26 Feb, 2024","54,495.1",72
"27 Feb, 2024","57,056.2",79
"28 Feb, 2024","62,467.6",82
"29 Feb, 2024","61,169.3",80
"1 Mar, 2024","62,397.7",80
"2 Mar, 2024","61,994.5",80
"3 Mar, 2024","63,135.8",83
"4 Mar, 2024","68,270.1",82
"5 Mar, 2024","63,792.6",90
"6 Mar, 2024","66,080.4",75
"7 Mar, 2024","66,855.3",82
"8 Mar, 2024","68,172.0",81
"9 Mar, 2024","68,366.5",84
"10 Mar, 2024","68,964.8",79
"11 Mar, 2024","72,099.1",82
"12 Mar, 2024","71,470.2",81
"13 Mar, 2024","73,066.3",81
"14 Mar, 2024","71,387.5",88
"15 Mar, 2024","69,463.7",83
"16 Mar, 2024","65,314.2",81
"17 Mar, 2024","68,391.2",79
"18 Mar, 2024","67,594.1",77
"19 Mar, 2024","62,050.0",79
"20 Mar, 2024","67,854.0",74
"21 Mar, 2024","65,503.8",78
"22 Mar, 2024","63,785.5",75
"23 Mar, 2024","64,037.8",73
"24 Mar, 2024","67,211.9",74
"25 Mar, 2024","69,892.0",75
"26 Mar, 2024","69,999.3",81
"27 Mar, 2024","69,442.4",83
"28 Mar, 2024","70,762.1",80
"29 Mar, 2024","69,871.7",79
"30 Mar, 2024","69,611.5",75
"31 Mar, 2024","71,332.0",75
"1 Apr, 2024","69,664.4",79
"2 Apr, 2024","65,439.2",79
"3 Apr, 2024","65,963.0",71
"4 Apr, 2024","68,496.5",70
"5 Apr, 2024","67,830.6",79
"6 Apr, 2024","68,890.6",75
"7 Apr, 2024","69,360.4",78
"8 Apr, 2024","71,630.1",76
"9 Apr, 2024","69,148.0",80
"10 Apr, 2024","70,622.1",78
"11 Apr, 2024","70,011.6",76
"12 Apr, 2024","67,151.9",79
"13 Apr, 2024","63,849.9",72
"14 Apr, 2024","65,697.4",72
"15 Apr, 2024","63,411.9",74
"16 Apr, 2024","63,805.3",65
"17 Apr, 2024","61,278.9",67
"18 Apr, 2024","63,481.4",57
"19 Apr, 2024","63,799.1",66
"20 Apr, 2024","64,961.1",66
"21 Apr, 2024","64,940.2",72
"22 Apr, 2024","66,829.3",73
"23 Apr, 2024","66,415.0",71
"24 Apr, 2024","64,285.7",72
"25 Apr, 2024","64,497.1",72
"26 Apr, 2024","63,766.4",70
"27 Apr, 2024","63,456.8",67
"28 Apr, 2024","63,109.7",65
"29 Apr, 2024","63,860.1",67
"30 Apr, 2024","60,666.6",67
"1 May, 2024","58,331.2",54
"2 May, 2024","59,121.3",43
"3 May, 2024","62,877.5",48
"4 May, 2024","63,888.3",67
"5 May, 2024","64,006.4",69
"6 May, 2024","63,163.1",71
"7 May, 2024","62,317.7",68
"8 May, 2024","61,207.5",64
"9 May, 2024","63,075.0",55
"10 May, 2024","60,796.9",66
"11 May, 2024","60,826.6",53
"12 May, 2024","61,480.0",56
"13 May, 2024","62,937.2",57
"14 May, 2024","61,569.4",66
"15 May, 2024","66,225.1",64
"16 May, 2024","65,231.0",70
"17 May, 2024","67,036.8",74
"18 May, 2024","66,917.5",73
"19 May, 2024","66,279.1",72
"20 May, 2024","71,422.7",70
"21 May, 2024","70,139.9",76
"22 May, 2024","69,155.4",76
"23 May, 2024","67,975.7",76
"24 May, 2024","68,547.6",74
"25 May, 2024","69,284.4",76
"26 May, 2024","68,514.8",75
"27 May, 2024","69,428.7",74
"28 May, 2024","68,366.0",72
"29 May, 2024","67,635.8",72
"30 May, 2024","68,354.7",73
"31 May, 2024","67,530.1",73
"1 Jun, 2024","67,760.8",72
"2 Jun, 2024","67,773.5",73
"3 Jun, 2024","68,807.8",73
"4 Jun, 2024","70,549.2",73
"5 Jun, 2024","71,083.7",75
"6 Jun, 2024","70,791.5",78
"7 Jun, 2024","69,347.9",77
"8 Jun, 2024","69,310.1",72
"9 Jun, 2024","69,650.6",75
"10 Jun, 2024","69,538.2",72
"11 Jun, 2024","67,319.8",74
"12 Jun, 2024","68,260.1",72
"13 Jun, 2024","66,773.1",70
"14 Jun, 2024","66,034.8",74
"15 Jun, 2024","66,223.0",74
"16 Jun, 2024","66,674.7",71
"17 Jun, 2024","66,498.8",71
"18 Jun, 2024","65,159.9",74
"19 Jun, 2024","64,980.9",64
"20 Jun, 2024","64,854.3",60
"21 Jun, 2024","64,128.5",63
"22 Jun, 2024","64,261.0",53
"23 Jun, 2024","63,196.2",55
"24 Jun, 2024","60,292.7",51
"25 Jun, 2024","61,809.4",30
"26 Jun, 2024","60,849.4",46
"27 Jun, 2024","61,685.3",40
"28 Jun, 2024","60,403.3",47
"29 Jun, 2024","60,973.4",30
"30 Jun, 2024","62,754.3",47
"1 Jul, 2024","62,890.1",53
"2 Jul, 2024","62,103.3",51
"3 Jul, 2024","60,199.3",50
"4 Jul, 2024","57,026.3",44
"5 Jul, 2024","56,641.8",29
"6 Jul, 2024","58,259.2",26
"7 Jul, 2024","55,861.1",29
"8 Jul, 2024","56,724.7",28
"9 Jul, 2024","58,039.4",27
"10 Jul, 2024","57,746.7",28
"11 Jul, 2024","57,337.3",29
"12 Jul, 2024","57,885.1",25
"13 Jul, 2024","59,209.8",25
"14 Jul, 2024","60,794.9",33
"15 Jul, 2024","64,782.4",52
"16 Jul, 2024","65,049.7",65
"17 Jul, 2024","64,089.2",69
"18 Jul, 2024","63,980.5",61
"19 Jul, 2024","66,677.4",60
"20 Jul, 2024","67,148.5",74
"21 Jul, 2024","68,158.7",74
"22 Jul, 2024","67,553.6",70
"23 Jul, 2024","65,937.8",71
"24 Jul, 2024","65,370.5",69
"25 Jul, 2024","65,799.3",68
"26 Jul, 2024","67,908.6",68
"27 Jul, 2024","67,843.1",72
"28 Jul, 2024","68,256.3",71
"29 Jul, 2024","66,798.7",74
"30 Jul, 2024","66,184.9",67
"31 Jul, 2024","64,626.0",61
"1 Aug, 2024","65,372.9",52
"2 Aug, 2024","61,478.7",57
"3 Aug, 2024","60,696.7",37
"4 Aug, 2024","58,141.8",34
"5 Aug, 2024","53,979.0",26
"6 Aug, 2024","56,057.8",17
"7 Aug, 2024","55,120.9",29
"8 Aug, 2024","61,699.7",20
"9 Aug, 2024","60,850.6",48
"10 Aug, 2024","60,931.7",40
"11 Aug, 2024","58,713.3",39
"12 Aug, 2024","59,350.0",25
"13 Aug, 2024","60,595.2",31
"14 Aug, 2024","58,707.8",30
"15 Aug, 2024","57,534.6",29
"16 Aug, 2024","58,877.2",27
"17 Aug, 2024","59,483.1",25
"18 Aug, 2024","58,446.3",31
"19 Aug, 2024","59,470.9",28
"20 Aug, 2024","59,005.8",30
"21 Aug, 2024","61,158.1",26
"22 Aug, 2024","60,372.2",39
"23 Aug, 2024","64,053.1",34
"24 Aug, 2024","64,159.3",56
"25 Aug, 2024","64,273.2",54
"26 Aug, 2024","62,846.2",55
"27 Aug, 2024","59,450.9",48
"28 Aug, 2024","59,016.0",30
"29 Aug, 2024","59,373.5",29
"30 Aug, 2024","59,119.7",34
"31 Aug, 2024","58,978.6",29
"1 Sep, 2024","57,315.7",26
"2 Sep, 2024","59,134.0",26
"3 Sep, 2024","57,479.8",26
"4 Sep, 2024","57,973.4",27
"5 Sep, 2024","56,183.2",29
"6 Sep, 2024","53,966.8",22
"7 Sep, 2024","54,156.5",23
"8 Sep, 2024","54,861.3",29
"9 Sep, 2024","57,049.6",26
"10 Sep, 2024","57,635.0",33
"11 Sep, 2024","57,338.7",37
"12 Sep, 2024","58,134.5",31
"13 Sep, 2024","60,511.6",32
"14 Sep, 2024","59,995.4",50
"15 Sep, 2024","59,138.5",51
"16 Sep, 2024","58,213.1",39
"17 Sep, 2024","60,309.1",33
"18 Sep, 2024","61,757.6",45
"19 Sep, 2024","62,938.6",49
"20 Sep, 2024","63,201.2",54
"21 Sep, 2024","63,348.1",54
"22 Sep, 2024","63,572.7",52
"23 Sep, 2024","63,331.8",50
"24 Sep, 2024","64,256.8",54
"25 Sep, 2024","63,156.5",59
"26 Sep, 2024","65,175.7",50
"27 Sep, 2024","65,776.3",61
"28 Sep, 2024","65,866.5",64
"29 Sep, 2024","65,607.1",63
"30 Sep, 2024","63,339.2",61
"1 Oct, 2024","60,835.5",50
"2 Oct, 2024","60,645.7",42
"3 Oct, 2024","60,751.2",37
"4 Oct, 2024","62,081.0",41
"5 Oct, 2024","62,061.4",49
"6 Oct, 2024","62,819.4",50
"7 Oct, 2024","62,245.6",50
"8 Oct, 2024","62,157.0",49
"9 Oct, 2024","60,628.8",49
"10 Oct, 2024","60,316.2",39
"11 Oct, 2024","62,499.4",32
"12 Oct, 2024","63,205.1",49
"13 Oct, 2024","62,870.9",50
"14 Oct, 2024","66,081.7",48
"15 Oct, 2024","67,077.5",65
"16 Oct, 2024","67,617.9",73
"17 Oct, 2024","67,418.4",71
"18 Oct, 2024","68,423.1",73
"19 Oct, 2024","68,372.0",72
"20 Oct, 2024","69,030.5",73
"21 Oct, 2024","67,371.3",72
"22 Oct, 2024","67,427.3",70
"23 Oct, 2024","66,663.7",71
"24 Oct, 2024","68,191.5",69
"25 Oct, 2024","66,696.8",72
"27 Oct, 2024","68,004.6",74
"28 Oct, 2024","69,954.1",72
"29 Oct, 2024","72,730.4",72
"30 Oct, 2024","72,347.8",77
"31 Oct, 2024","70,281.8",77
"1 Nov, 2024","69,507.2",75
"2 Nov, 2024","69,325.8",72
"3 Nov, 2024","68,769.6",74
"4 Nov, 2024","67,848.8",70
"5 Nov, 2024","69,373.7",70
"6 Nov, 2024","75,586.3",70
"7 Nov, 2024","75,868.6",77
"8 Nov, 2024","76,517.3",75
"9 Nov, 2024","76,700.3",75
"10 Nov, 2024","80,388.5",78
"11 Nov, 2024","88,664.1",76
"12 Nov, 2024","87,941.3",80
"13 Nov, 2024","90,422.2",84
"14 Nov, 2024","87,294.0",88
"15 Nov, 2024","91,046.5",80
"16 Nov, 2024","90,539.1",86
"17 Nov, 2024","89,833.7",90
"18 Nov, 2024","90,478.7",83
"19 Nov, 2024","92,239.2",90
"20 Nov, 2024","94,303.9",83
"21 Nov, 2024","98,374.5",82
"22 Nov, 2024","98,929.7",94
"23 Nov, 2024","97,699.0",93
"24 Nov, 2024","97,935.2",80
"25 Nov, 2024","93,064.4",82
"26 Nov, 2024","91,977.6",79
"27 Nov, 2024","95,886.6",75
"28 Nov, 2024","95,645.5",77
"29 Nov, 2024","97,438.0",78
"30 Nov, 2024","96,405.7",84
"1 Dec, 2024","97,201.4",81
"2 Dec, 2024","95,846.6",80
"3 Dec, 2024","95,898.7",76
"4 Dec, 2024","98,635.8",78
"5 Dec, 2024","96,970.8",84
"6 Dec, 2024","99,760.7",72
"7 Dec, 2024","99,837.0",75
"8 Dec, 2024","101,115.8",79
"9 Dec, 2024","97,359.4",78
"10 Dec, 2024","96,600.3",78
"11 Dec, 2024","101,126.2",74
"12 Dec, 2024","100,009.9",83
"13 Dec, 2024","101,426.2",76
"14 Dec, 2024","101,417.7",83
"15 Dec, 2024","104,443.0",80
"16 Dec, 2024","106,057.6",83
"17 Dec, 2024","106,138.9",87
"18 Dec, 2024","100,197.8",81
"19 Dec, 2024","97,466.1",75
"20 Dec, 2024","97,795.7",74
"21 Dec, 2024","97,253.3",73
"22 Dec, 2024","95,183.8",73
"23 Dec, 2024","94,852.1",70
"24 Dec, 2024","98,668.1",73
"25 Dec, 2024","99,391.3",73
"26 Dec, 2024","95,777.7",79
"27 Dec, 2024","94,275.9",74
"28 Dec, 2024","95,284.5",72
"29 Dec, 2024","93,716.3",73
"30 Dec, 2024","92,779.8",65
"31 Dec, 2024","93,557.2",64
"1 Jan, 2025","94,560.2",66
"2 Jan, 2025","96,960.0",70
"3 Jan, 2025","98,167.5",74
"4 Jan, 2025","98,219.9",73
"5 Jan, 2025","98,347.7",72
"6 Jan, 2025","102,248.7",76
"7 Jan, 2025","96,929.8",78
"8 Jan, 2025","95,066.6",70
"9 Jan, 2025","92,539.8",69
"10 Jan, 2025","94,724.1",50
"11 Jan, 2025","94,596.7",69
"12 Jan, 2025","94,533.6",62
"13 Jan, 2025","94,534.3",61
"14 Jan, 2025","96,542.1",63
"15 Jan, 2025","100,499.8",70
"16 Jan, 2025","100,004.5",75
"17 Jan, 2025","104,940.2",75
